27.5,41.6,30.9,20.3,21.6,21.6,2.7,33.6,51,67.1,98,0.7,18.1,40.3,71.1,100,1.3,26.2,54.4,79.9,97.3
34.7,33.3,31.9,21,21,25.2,2.1,19.4,45.1,70.8,97.9,1.4,22.9,46.5,76.4,99.3,0.7,26.4,54.2,72.2,100
26.1,47.2,26.8,27,17,22,2.1,26.8,52.1,68.3,99.3,0.7,17.6,44.4,73.2,98.6,1.4,23.2,50.7,77.5,100
23.1,49,27.9,21.2,14.4,29.5,4.1,19,53.1,68.7,99.3,0.7,26.5,49,76.9,100,1.4,23.1,44.9,70.1,98.6
32.5,37,30.5,28.1,22.9,19.6,3.2,27.3,50.6,77.3,99.4,2.6,31.8,55.2,76.6,100,0.6,14.3,42.2,69.5,97.4
26.5,41.9,31.6,24.4,20,25.9,2.9,22.8,44.9,69.9,99.3,1.5,24.3,49.3,77.9,98.5,0.7,20.6,48.5,76.5,100
29.4,37.3,33.3,21.7,21.7,23,3.3,26.8,47.7,77.8,98.7,0.7,24.2,47.1,68.6,100,2,22.2,51,74.5,97.4
26,40.4,33.6,20.7,17.9,29.7,4.1,20.5,45.2,69.2,98.6,1.4,24.7,49.3,80.1,100,0.7,22.6,48.6,72.6,96.6
22.7,44.7,32.6,22.9,16.4,29.3,4.3,19.1,49.6,72.3,100,0.7,26.2,47.5,73,98.6,1.4,21.3,48.9,75.9,99.3
41.5,32.7,25.9,28.1,17.8,17.8,1.4,21.8,44.2,75.5,100,0.7,25.9,50.3,71.4,96.6,4.8,23.8,51,74.1,98.6
31.8,36.3,31.8,25.6,21.8,21.8,4.5,19.7,48.4,73.2,98.7,0.6,28,46.5,70.7,100,2.5,24.2,51.6,76.4,98.1
24.7,50.6,24.7,24.8,14.9,25.5,1.2,20.4,50,74.1,98.1,1.9,24.1,43.8,71.6,100,0.6,27.2,58.6,75.3,99.4
26.7,44.2,29.1,24.6,15.2,26.3,1.7,20.9,44.8,66.3,96.5,2.3,28.5,54.7,79.7,100,0.6,23.3,51.2,69.8,99.4
31.5,46.8,21.6,27.3,12.7,16.4,4.5,21.6,54.1,73,97.3,0.9,23.4,45.9,71.2,100,2.7,25.2,59.5,79.3,95.5
35.5,42.7,21.8,34.1,17.1,17.1,0.8,25.8,54,76.6,99.2,2.4,24.2,41.9,67.7,100,9.7,17.7,55.6,80.6,98.4
32.9,40.2,26.8,29.6,12.3,24.7,1.2,12.2,50,78,100,3.7,30.5,47.6,70.7,97.6,6.1,15.9,41.5,72,96.3
28.6,44.9,26.5,23.3,15.1,24.7,2,16.3,34,75.5,99.3,0.7,33.3,53.7,72.1,100,2.7,21.1,49.7,74.8,98.6
32.9,44.3,22.8,30.8,12.8,21.8,2.5,38,53.2,78.5,98.7,1.3,17.7,35.4,63.3,97.5,7.6,16.5,48.1,75.9,100
25,48.8,26.2,21.5,17.7,20.3,1.2,25,56.2,83.8,98.8,2.5,21.2,37.5,75,100,7.5,27.5,46.2,61.2,91.2
37.2,39.4,23.4,26.9,17.2,23.7,2.1,23.4,53.2,70.2,100,1.1,18.1,44.7,72.3,97.9,5.3,25.5,52.1,75.5,94.7
51.9,24.1,24.1,22.6,24.5,15.1,1.9,29.6,50,74.1,98.1,3.7,9.3,22.2,61.1,96.3,11.1,25.9,59.3,79.6,100
45.5,29.9,24.7,25,21.1,13.2,1.3,24.7,42.9,76.6,98.7,6.5,19.5,55.8,68.8,100,2.6,15.6,50.6,74,97.4
47.5,25.4,27.1,24.1,27.6,13.8,3.4,25.4,55.9,81.4,98.3,1.7,6.8,42.4,66.1,100,10.2,23.7,45.8,69.5,84.7
49.2,19.7,31.1,15,23.3,13.3,1.6,18,49.2,83.6,98.4,9.8,16.4,36.1,45.9,100,13.1,26.2,54.1,73.8,96.7
36,36,28,18.4,16.3,28.6,4,16,34,48,100,2,26,60,74,88,8,30,56,66,98
39.5,32.6,27.9,23.8,21.4,21.4,4.7,11.6,30.2,67.4,100,2.3,41.9,53.5,72.1,97.7,14,27.9,44.2,69.8,90.7
43.6,25.5,30.9,24.1,25.9,16.7,7.3,23.6,47.3,78.2,100,9.1,14.5,50.9,65.5,94.5,1.8,12.7,34.5,61.8,98.2
44,32,24,28.6,18.4,20.4,2,18,44,72,98,4,26,48,68,90,8,24,52,76,100
36.1,36.1,27.8,26.8,19.7,21.1,2.8,18.1,47.2,72.2,100,4.2,30.6,50,68.1,90.3,1.4,19.4,48.6,77.8,95.8
33.8,32.4,33.8,23.9,22.4,23.9,1.5,22.1,47.1,70.6,94.1,4.4,20.6,36.8,66.2,95.6,2.9,19.1,55.9,76.5,100
29.7,47.3,23,24.7,20.5,17.8,9.5,25.7,48.6,67.6,100,1.4,14.9,40.5,74.3,98.6,10.8,36.5,60.8,71.6,97.3
37.7,28.3,34,18.1,24.8,19,9.4,29.2,50.9,78.3,100,0.9,17,47.2,67,91.5,3.8,22.6,45.3,73.6,97.2
42.4,28.5,29.2,25.9,31.5,16.1,1.4,25.7,48.6,75.7,97.9,0.7,27.8,50,72.9,100,2.8,17.4,43.8,71.5,96.5
37,38.4,24.7,31.7,19.3,16.6,1.4,20.5,49.3,74,98.6,3.4,33.6,52.7,78.1,99.3,0.7,17.8,43.2,72.6,100
46.2,33,20.8,31.4,28.6,7.6,1.9,19.8,47.2,75.5,100,0.9,33,50,82.1,99.1,2.8,15.1,45.3,64.2,88.7
32.3,44.9,22.8,37.3,15.1,21.4,0.8,16.5,48.8,74,100,1.6,29.1,52.8,75.6,95.3,5.5,17.3,38.6,64.6,97.6
35.4,34.5,30.1,30.4,21.4,18.8,5.3,34.5,52.2,75.2,99.1,0.9,16.8,47.8,68.1,98.2,1.8,17.7,41.6,74.3,100
30.5,39,30.5,24.2,21.6,19,5.8,26.6,47.4,70.8,94.2,0.6,20.8,52.6,77.9,100,2.6,17.5,44.8,74,98.7
31.8,42.2,26,28.1,18.3,24.8,3.2,26.6,53.2,79.2,100,0.6,18.8,48.1,67.5,99.4,2.6,27.9,42.9,74.7,97.4
23.9,40.3,35.8,15.8,20.9,29.7,2.5,15.7,49.7,71.1,98.1,0.6,28.9,52.8,77.4,100,1.3,25.2,47.2,69.8,99.4
31.4,35.5,33.1,19.9,24,23.4,0.6,24.4,52.9,74.4,98.8,1.2,21.5,40.7,67.4,99.4,2.3,29.7,55.8,73.3,100
32.5,33.1,34.3,22.4,22.4,24.8,4.8,19.9,43.4,71.1,97,1.2,22.3,42.8,74.1,99.4,0.6,27.1,52.4,75.3,100
31.9,36.1,31.9,21.2,25.4,20.3,5.9,21.8,43.7,68.9,100,0.8,15.1,51.3,69.7,95.8,7.6,31.9,55.5,83.2,99.2
37.2,32.6,30.2,20.3,23.4,20.3,1.6,28.7,55,79.1,97.7,0.8,26.4,45,72.9,100,2.3,18.6,50.4,72.1,98.4
39.9,24.5,35.7,19,30.3,19.7,1.4,28.7,54.5,79,99.3,0.7,8.4,42.7,66.4,98.6,2.8,23.8,44.8,75.5,100
41.1,24.5,34.4,20,33.3,22.7,0.7,23.8,51,74.8,100,1.3,17.2,47,72.2,96.7,2,24.5,44.4,74.2,98.7
40.3,23.3,36.5,13.9,33.5,14.6,1.3,17,46.5,73,100,0.6,29.6,47.8,71.7,96.9,2.5,27.7,50.9,76.7,98.7
47.1,17.6,35.3,13.6,39,10.2,0.8,29.4,52.9,76.5,100,1.7,16,22.7,44.5,91.6,3.4,27.7,54.6,77.3,98.3
43.4,26.3,30.3,24,30.7,10.7,2.6,23.7,44.7,73.7,100,3.9,19.7,46.1,59.2,98.7,1.3,31.6,52.6,81.6,97.4
36.7,34.9,28.4,23.1,17.6,23.1,3.7,28.4,48.6,73.4,99.1,0.9,18.3,58.7,77.1,100,1.8,22,43.1,64.2,97.2
44.1,29.4,26.5,27.3,30.3,12.1,2.9,11.8,41.2,64.7,91.2,5.9,20.6,55.9,79.4,100,17.6,29.4,38.2,67.6,88.2
40,30.3,29.7,23.4,22.8,21.2,1.6,22.7,57.8,81.1,100,1.1,24.9,43.2,65.4,95.7,0.5,22.2,49.2,76.8,99.5
34.5,31.6,33.9,22.5,21.4,20.8,1.1,19.5,46.6,66.1,96,0.6,26.4,50.6,75.3,98.9,1.7,27.6,52.3,77,100
39.5,29.2,31.4,21.7,29.3,20.7,1.6,20,39.5,69.2,99.5,0.5,28.6,54.6,82.2,100,1.1,22.2,51.9,70.8,97.8
31,43.7,25.4,21.2,17.5,22.2,0.9,24.4,51.2,77,99.5,1.9,27.2,47.4,76.5,97.2,0.5,20.2,45.5,67.1,100
33,37.9,29.1,32.2,15.6,23.9,4.4,26.7,49,72.3,98.1,0.5,26.2,52.9,76.2,99.5,1.5,18.4,44.2,77.7,100
37.1,32,30.9,22.6,24.3,19.8,0.6,21.9,43.8,73.6,97.2,3.4,25.3,57.3,70.8,100,1.7,24.2,52.2,80.9,99.4
35,33.9,31.1,25,26.1,22.2,4,27.7,56.5,78.5,99.4,0.6,19.2,40.1,65.5,97.7,1.7,29.9,54.8,74.6,100
41.3,30.2,28.5,23,29.2,21.3,1.1,22.3,41.9,68.7,100,0.6,27.9,60.9,82.1,98.9,2.2,22.9,52.5,72.1,98.3
28.7,32.7,38.6,19,23,28,3,21.8,52.5,77.2,99,2,20.8,48.5,70.3,100,1,23.8,40.6,71.3,98
27.6,39.8,32.7,20.6,21.6,25.8,1,15.3,44.9,65.3,99,5.1,20.4,50,77.6,100,3.1,25.5,52,70.4,98
27.5,41.8,30.8,21.1,18.9,31.1,3.3,20.9,47.3,64.8,98.9,1.1,13.2,54.9,75.8,96.7,6.6,27.5,49.5,72.5,100
33.3,38.4,28.3,27.6,25.5,23.5,2,19.2,44.4,74.7,99,4,20.2,55.6,73.7,94.9,1,27.3,49.5,65.7,100
26.3,40.4,33.3,21.2,15.9,28.3,1.8,16.7,49.1,63.2,86.8,0.9,28.1,50,78.9,100,2.6,21.1,45.6,81.6,98.2
35.9,34,30.1,29.4,23.5,19.6,2.9,27.2,46.6,63.1,98.1,1.9,23.3,51.5,78.6,99,1,20.4,42.7,71.8,100
33,42.9,24.2,37.8,13.3,24.4,1.1,24.2,57.1,82.4,100,4.4,22,47.3,67,96.7,2.2,20.9,42.9,68.1,97.8
22.5,51,26.5,23.8,12.9,28.7,2,14.7,46.1,58.8,100,1,25.5,44.1,72.5,99,2.9,24.5,55.9,81.4,98
17.6,55.3,27.1,19,11.9,34.5,16.5,25.9,58.8,80,95.3,1.2,18.8,44.7,71.8,97.6,5.9,21.2,47.1,70.6,100
33.3,35.5,31.1,21.6,24.2,23.3,1.3,22.4,43.4,75,99.1,0.4,25,51.3,69.7,100,2.6,24.1,54.8,75.9,99.6
29,43,28,22.2,18.2,28.3,2,17,40,68,99,3,29,52,74,95,1,25,47,76,100
28.4,45.9,25.7,25.9,21.3,15.7,4.6,25.7,45,74.3,100,0.9,22,49.5,67.9,99.1,7.3,27.5,42.2,79.8,98.2
32.7,34.7,32.7,20,25,21,2,23.8,45.5,77.2,100,1,18.8,42.6,61.4,91.1,3,22.8,53.5,76.2,99
15.2,58,26.8,18.9,11.7,35.1,12.5,35.7,54.5,70.5,95.5,0.9,20.5,45.5,72.3,100,3.6,26.8,48.2,74.1,99.1
28.7,44.7,26.7,28.9,11.4,28.2,1.3,21.3,49.3,74.7,93.3,2,28,50,76,100,0.7,18,37.3,68.7,97.3
18.7,57.1,24.2,23.3,12.2,28.9,4.4,30.8,46.2,80.2,98.9,1.1,25.3,51.6,74.7,97.8,3.3,15.4,44,67,100
34.8,39.3,25.8,28.4,21.6,22.7,2.2,25.8,53.9,71.9,95.5,3.4,22.5,50.6,78.7,100,1.1,20.2,34.8,65.2,97.8
28,46,26,22.2,17.2,24.2,3,20,32,62,100,6,33,54,81,99,1,16,46,69,97
32.2,37.8,30,19.1,19.1,28.1,1.1,14.4,42.2,63.3,100,2.2,22.2,51.1,67.8,93.3,4.4,25.6,60,76.7,98.9
34.9,32.1,33,23.8,29.5,22.9,1.9,30.2,49.1,74.5,99.1,0.9,17,50.9,73.6,98.1,4.7,17.9,43.4,67.9,100
32.7,40.8,26.5,27.8,26.8,18.6,2,25.5,52,67.3,100,1,24.5,50,78.6,98,4.1,20.4,46.9,65.3,99
36.1,35.3,28.6,21.2,21.2,22.9,4.2,21.8,47.9,74.8,97.5,0.8,25.2,51.3,70.6,100,1.7,24.4,49.6,73.9,95.8
34.1,31.9,34.1,19.4,28.4,22.4,4.4,20,48.9,75.6,98.5,0.7,25.9,48.1,71.9,100,3,22.2,49.6,72.6,97.8
34.3,35.4,30.3,24.5,28.6,24.5,2,19.2,44.4,74.7,99,4,18.2,52.5,72.7,94.9,1,27.3,51.5,70.7,100
22,47.7,30.4,22.5,12.7,33.3,1.4,25.2,40.7,72.4,100,0.5,26.2,55.1,75.2,99.5,0.9,22,49.5,71,98.6
28.3,40.4,31.3,22.4,15.3,28.6,2,30.3,51.5,68.7,100,6.1,23.2,52.5,80.8,98,1,15.2,40.4,70.7,99
32.5,35,32.5,22.1,22.1,22.1,0.8,30.1,54.5,81.3,100,3.3,22.8,43.1,65.9,97.6,2.4,18.7,52.8,72.4,99.2
25.7,44.8,29.5,24,14.4,27.9,1,22.9,44.8,70.5,100,2.9,18.1,50.5,77.1,95.2,4.8,23.8,48.6,68.6,99
29.5,41.9,28.7,28.1,18,27.3,1.6,14.7,41.1,59.7,100,0.8,32.6,58.1,79.8,99.2,2.3,22.5,45.7,75.2,98.4
27.9,40.7,31.4,25.9,21.2,21.2,4.7,17.4,41.9,68.6,97.7,2.3,27.9,52.3,73.3,98.8,1.2,23.3,39.5,79.1,100
26.4,42.6,31,22.7,17.2,25,1.6,16.3,39.5,71.3,100,0.8,29.5,55.8,77.5,97.7,2.3,19.4,45,69.8,93.8
27.3,45.5,27.3,29.3,16.3,25,2.4,22,47.4,69.9,100,0.5,30.1,55.5,77.5,99.5,1,19.6,42.6,65.1,98.1
29,38.3,32.7,20.2,19.2,26.8,1.9,24.3,43.9,64.5,99.5,0.5,25.7,53.3,77.6,100,1.4,21.5,50.9,73.8,97.2
27.7,39.6,32.7,18.4,19.6,25.9,0.6,24.5,45.3,70.4,100,1.9,30.8,58.5,75.5,96.9,1.3,22.6,46.5,78,97.5
29.4,41.9,28.7,23.3,19.8,23.1,0.2,30.1,50.1,76.7,98.8,0.9,23.5,49.2,72.7,100,0.5,19.8,49.4,74.8,99.5
23.4,41.7,34.9,20.7,19,25.3,1.7,28.6,49.1,76.6,100,2.3,21.7,44,66.3,98.9,0.6,26.9,51.4,81.1,99.4
31,37.5,31.5,22.4,22.4,21.3,1.6,22.8,44,64.7,99.5,0.5,23.4,52.7,81,100,1.1,29.3,51.1,73.4,97.8
21.1,46.2,32.7,19.7,16.7,33.3,2,37.7,57.3,71.9,99.5,0.5,28.1,49.2,74.9,98.5,1.5,16.6,42.2,69.3,100
22.9,44.7,32.4,18.4,15.9,30.7,2.8,25,40.8,61.6,100,0.4,24.6,53.5,75.4,98.6,0.7,23.2,53.2,78.5,99.6
23.7,44.5,31.8,20.9,17.5,31.2,0.6,18.1,48,75.1,100,0.3,26.2,50.2,74.5,99.4,1.9,25.9,50.5,73.5,98.8
28,46.2,25.8,25.4,17.8,21.1,3.2,20.4,45.7,76.3,97.8,0.5,30.6,54.8,74.2,100,5.9,26.9,43,73.7,98.9
24.9,43.4,31.7,22.1,16.7,27,2.4,24.4,49.8,75.1,100,1.5,16.1,41.5,72.2,99,0.5,30.2,53.7,73.2,98
30.5,41.4,28.1,24.7,20.3,22.1,1.8,23.7,52.4,78.5,99.6,0.2,28.8,51.3,71,100,0.4,18.8,43.2,77.4,99.8
29.7,44,26.4,28.7,16.9,22.1,3.7,27.8,48.7,78.8,99.3,0.4,21.2,51.3,72.5,100,0.7,23.1,47.6,73.6,98.9
23.5,43.5,32.9,22.4,15.7,29.1,1.6,17.6,41.6,65.5,100,0.4,23.9,50.2,76.9,99.6,2.4,31,52.9,77.3,99.2
23.7,44.9,31.4,19.1,14.5,26.4,5.1,23.7,37.7,72.9,100,0.4,22.9,51.3,74.6,99.6,0.8,28.8,51.7,78.8,99.2
25.7,45.5,28.7,24,14.2,25.5,1.1,20.1,39.9,75.7,99.3,0.4,23.9,51.5,71.6,100,0.7,26.5,52.6,77.6,99.6
27.3,43.8,28.9,21,19.4,25,0.4,21.7,45.4,65.9,100,1.6,22.1,47.4,78.3,99.2,1.2,30.9,52.2,76.7,98.8
19,50.2,30.7,19.1,11.7,34.3,3.5,24.2,44.6,74,100,0.4,23.8,50.6,73.2,99.6,1.3,25.1,48.9,74.9,98.7
26.1,45.7,28.3,22.2,13.3,26.7,6.5,21.7,37,50,67.4,2.2,13,47.8,76.1,100,15.2,28.3,60.9,80.4,97.8
29,42.6,28.4,28.6,15.4,27.4,2.8,21.6,58,76.7,100,1.1,23.3,47.2,69.3,99.4,0.6,25.6,46,76.1,97.7
27.6,46.7,25.7,23.9,22.1,18.3,0.5,20.1,48.6,71,100,0.9,25.7,46.7,75.7,99.5,2.8,23.8,51.4,74.8,97.7
33.8,32.3,33.8,22.7,29.5,19.7,5.3,26.3,46.6,73.7,100,1.5,21.1,49.6,72.2,98.5,0.8,22.6,44.4,72.9,99.2
28.9,37.3,33.8,24.6,17.7,22.2,1.5,26,48.5,71.1,97.5,0.5,23.5,49,73,98,2,24,51,77.9,100
25.6,50,24.2,24.5,14.8,23.6,1.6,27.2,50,73,99.3,0.5,23,51.2,76.5,100,0.9,24.9,48.2,71.7,98.2
23.8,54.1,22.2,31.5,12,23.4,2.2,21.6,53.5,73,97.8,0.5,25.4,50.3,74.6,98.9,3.2,20.5,41.6,77.8,100
19.1,46.8,34,8.7,21.7,30.4,12.8,14.9,27.7,42.6,93.6,2.1,21.3,57.4,72.3,100,10.6,23.4,40.4,76.6,95.7
30.5,42.4,27.1,36.2,13.8,25.9,15.3,25.4,42.4,59.3,100,3.4,23.7,57.6,79.7,96.6,1.7,8.5,44.1,62.7,98.3
42.1,26.3,31.6,17.9,25,17.9,1.8,22.8,52.6,73.7,100,10.5,17.5,40.4,80.7,91.2,5.3,12.3,49.1,68.4,98.2
38.2,39.5,22.4,33.3,12,25.3,1.3,18.4,39.5,64.5,100,2.6,28.9,55.3,78.9,98.7,10.5,30.3,44.7,65.8,97.4
39.4,32.4,28.2,24.3,20,17.1,8.5,28.2,50.7,71.8,100,1.4,11.3,40.8,67.6,97.2,7,18.3,43.7,74.6,95.8
36.2,36.2,27.6,29.8,14,24.6,5.2,27.6,58.6,74.1,100,1.7,19,39.7,65.5,93.1,6.9,31,44.8,63.8,94.8
41.4,27.6,31,29.8,22.8,15.8,1.7,24.1,53.4,70.7,100,3.4,27.6,48.3,86.2,98.3,6.9,15.5,46.6,65.5,94.8
30.4,39.1,30.4,19.1,25,22.1,4.3,17.4,42,66.7,95.7,1.4,26.1,44.9,73.9,100,2.9,24.6,47.8,62.3,98.6
43.5,30.6,25.8,24.6,26.2,13.1,6.5,19.4,43.5,79,100,1.6,14.5,53.2,66.1,82.3,4.8,25.8,40.3,72.6,93.5
35.9,35,29.1,25.5,20.6,22.5,2.9,22.3,54.4,70.9,100,1,18.4,43.7,72.8,97.1,4.9,24.3,48.5,74.8,98.1
31.9,36.2,31.9,25,20.6,26.5,4.3,21.7,39.1,53.6,100,1.4,17.4,55.1,73.9,92.8,5.8,31.9,56.5,72.5,98.6
24.5,48.2,27.3,26.6,10.1,27.5,3.6,24.5,49.1,73.6,94.5,0.9,17.3,43.6,76.4,98.2,1.8,30,57.3,69.1,100
25.5,37.3,37.3,15.6,22,22,0.9,32.7,62.7,81.8,98.2,2.7,22.7,39.1,57.3,100,1.8,20.9,47.3,72.7,99.1
25.5,40.8,33.7,18.6,19.6,28.9,7.1,19.4,38.8,69.4,100,2,32.7,55.1,77.6,98,1,25.5,41.8,70.4,99
39,36.8,24.3,34.1,18.5,17,0.7,29.4,51.5,74.3,97.8,2.2,26.5,47.1,75,100,1.5,19.9,44.1,69.1,99.3
32.3,44.1,23.7,27.2,17.4,19.6,3.2,19.4,41.9,73.1,100,1.1,24.7,53.8,77.4,97.8,6.5,21.5,45.2,60.2,94.6
39.4,31.4,29.2,25.7,22.1,18.4,0.7,18.2,38,64.2,98.5,2.2,25.5,49.6,81,99.3,8,32.1,59.9,75.9,100
35.7,37.1,27.1,27.6,21.9,20.8,1.8,22.5,48.9,71.8,98.9,0.4,30,50,82.1,97.9,2.5,24.3,49.6,67.9,100
33.1,36.6,30.3,24.7,23,20.7,2.3,24,59.4,81.7,100,0.6,26.9,44.6,66.9,98.3,1.1,22.9,41.7,70.3,96.6
37.3,31.3,31.3,33.3,24.2,19.7,4.5,19.4,50.7,74.6,98.5,6,32.8,55.2,80.6,100,1.5,13.4,38.8,56.7,94
28.2,40,31.8,19,23.8,25,2.4,17.6,35.3,58.8,95.3,8.2,22.4,55.3,70.6,100,1.2,31.8,51.8,81.2,97.6
40.7,30.9,28.4,28.8,23.8,16.2,1.2,19.8,49.4,70.4,100,6.2,29.6,45.7,61.7,97.5,4.9,17.3,43.2,79,98.8
32.3,38.6,29.1,30.2,14.3,23,1.6,23.6,52.8,70.9,92.9,0.8,22,46.5,72.4,99.2,2.4,25.2,48.8,77.2,100
38.4,30.1,31.5,24.1,24.8,21.4,0.7,21.2,52.7,70.5,98.6,2.1,28.1,50,80.1,99.3,1.4,25.3,46.6,72.6,100
33.1,33.1,33.8,17.7,24.1,24.1,1.4,15.5,47.9,62.7,100,0.7,32.4,55.6,76.1,98.6,2.1,24.6,43.7,78.9,99.3
30.3,36.6,33.1,23.6,20.8,19.4,0.7,17.9,44.8,65.5,100,2.8,29.7,53.8,77.2,95.9,1.4,22.1,48.3,76.6,99.3
30.7,40,29.3,25.2,17.3,18,2.1,21.4,36.4,70.7,100,3.6,25.7,55.7,77.9,99.3,0.7,20,44.3,70,97.1
30.7,37,32.3,23,14.3,19.8,0.8,26,42.5,67.7,95.3,1.6,16.5,45.7,70.9,98.4,3.9,22.8,55.1,77.2,100
33.7,36.1,30.1,23,20,23,2.4,29.5,59,80.1,100,3,21.1,47.6,70.5,95.8,0.6,23.5,50,72.3,97.6
22,55.9,22,26.5,9.4,26.5,2.5,18.6,48.3,72.9,97.5,1.7,22.9,49.2,74.6,94.9,0.8,28.8,51.7,70.3,100
23.2,54.4,22.4,19.1,13,20.6,2.7,18.6,47.1,69.6,99.6,0.4,25.9,54,75.7,100,0.8,19,45.2,69.2,99.2
17.1,59.7,23.2,21.1,8.9,28.9,2.8,29.3,43.6,63.5,94.5,1.1,24.9,53,77.3,98.9,0.6,18.8,49.2,71.8,100
21.2,52,26.8,26.4,9.1,29.4,1,31.3,59.1,78.3,96,0.5,23.7,49,72.7,100,1.5,20.2,42.9,74.2,99
14,53.5,32.6,16.7,9.5,31,23.3,23.3,44.2,72.1,100,7,18.6,46.5,65.1,97.7,2.3,16.3,55.8,69.8,95.3
41.7,33.3,25,28.6,20,20,16.7,33.3,58.3,72.2,100,2.8,11.1,27.8,66.7,97.2,5.6,25,38.9,55.6,91.7
28.5,44.4,27.2,30,18.7,23.3,0.7,16.6,41.7,72.2,99.3,6.6,31.1,53.6,76.2,98,1.3,17.9,38.4,70.9,100
32.8,35.8,31.3,18.2,19.7,28.8,1.5,20.9,34.3,56.7,92.5,6,38.8,62.7,85.1,100,4.5,16.4,41.8,64.2,98.5
27,42.1,30.9,22.5,18.5,22.5,1.3,19.1,40.1,64.5,99.3,0.7,26.3,55.3,77.6,100,6.6,24.3,48.7,74.3,97.4
32.1,35.8,32.1,23.1,23.1,19.4,3.7,25.7,47.7,76.1,97.2,0.9,24.8,48.6,69.7,100,1.8,15.6,46.8,74.3,98.2
36.9,32.4,30.7,22.9,23.4,20,0.6,21.6,46,71.6,99.4,4,29,52.3,75,100,2.3,23.9,50,71,98.9
32.4,40.5,27.2,28.5,18,20.3,0.6,22,54.9,72.3,100,1.7,24.9,44.5,71.1,97.7,1.2,24.3,53.8,75.7,99.4
28.7,39.6,31.7,20.9,20.9,24.5,2.4,25.6,48.8,75.6,99.4,0.6,29.9,50,72,100,1.2,22,47.6,70.7,96.3
40.1,29.3,30.6,22.4,23.1,18.6,0.6,21,46.5,77.7,99.4,1.9,22.9,51.6,70.7,98.1,6.4,26.8,44.6,74.5,100
41.2,28.2,30.5,17.7,30.8,18.5,2.3,20.6,43.5,74.8,100,0.8,29.8,54.2,69.5,94.7,1.5,22.9,47.3,71,97.7
35.1,31.3,33.6,20,26.2,23.8,1.5,28.2,55,76.3,99.2,2.3,22.1,42.7,68.7,100,0.8,20.6,47.3,70.2,96.9
31.3,43.5,25.2,27.7,16.9,21.5,3.8,21.4,45,74,99.2,0.8,29,45.8,73.3,100,2.3,18.3,52.7,71,94.7
38,29.2,32.8,22.8,29.4,17.6,1.5,27.7,52.6,71.5,100,0.7,27,43.8,76.6,97.8,2.2,19,47.4,72.3,98.5
34.4,36,29.6,28.2,25,21.8,1.6,19.2,44,69.6,99.2,2.4,24,53.6,72,94.4,0.8,22.4,50.4,76.8,100
31.6,41.5,26.9,25.1,18.3,24.6,0.3,26.9,52.5,77.3,100,0.5,24.8,45.4,72.1,99.7,1.6,21.9,52.2,73.1,99.5
28.3,43.3,28.3,22.2,15.3,23.9,1.4,26.3,51,76.5,97.7,0.3,21.5,47.3,75.1,100,1.7,29.2,51.6,73.1,98.9
31.1,37.1,31.8,20.7,23.2,21.2,0.2,21.9,51.2,74.9,100,0.5,26.1,45.3,70.9,96,3.2,24.6,52.2,78.4,99.8
33.1,40.6,26.3,25,20.8,17.7,0.3,25.8,49.3,72.5,98.9,0.8,22.7,47.1,76.5,99.7,2.8,23.2,53.8,74.8,100
29.8,40.5,29.8,26.1,21.2,20.3,0.3,26.3,47.7,68.8,99.1,1.7,23.4,50.6,76.9,99.7,0.6,23.7,50,76,100
32.9,35.5,31.6,24.9,23.5,21.5,0.4,26.1,51.6,75.3,100,0.2,29.2,50.8,74.7,99,0.6,17.6,43.5,73.3,99.8
26.5,47.1,26.5,19.7,15.7,24.9,3.3,24.2,49.3,81,99.7,0.7,28.8,52.3,75.8,98.7,0.3,17.6,43.5,68.6,100
32.2,40.3,27.5,25.6,18.6,23.8,2,29.6,52.2,75.7,99.1,0.3,21.7,44.9,73.9,100,0.6,23.5,56.2,72.8,99.7
34.6,34.9,30.4,25.3,20.5,21.2,0.7,26.6,52.6,71.6,98.6,0.3,18,46,74.7,100,1.4,27,50.9,79.6,99.3
30.5,42.8,26.7,27.8,16.5,20.4,1.1,20.4,40.7,73.7,99.6,0.4,34,57.9,74.4,98.9,2.1,19.3,42.1,74.7,100
31.7,38.2,30.1,21.8,21.1,23.7,0.6,24.6,50.2,71.2,98.4,0.3,23,49.5,78.3,100,1.9,24.3,48.9,70.2,99.4
34.4,35,30.7,22.4,22.1,24.4,1.4,28.1,52.4,81.4,100,0.3,22.9,52.7,73.1,99.7,1.1,21.8,43.6,71.3,98.6
25.5,44.7,29.9,22.1,17.4,29.2,0.8,29.4,56.4,78.4,99,0.3,21.3,43.4,73.2,99.2,0.5,24.2,49.4,76.4,100
32.5,40.3,27.2,25.9,15.3,23.1,1.4,19.7,43.1,68.1,99.2,0.3,26.1,58.3,78.9,100,1.1,26.7,47.2,70.8,98.6
32.4,34,33.7,19.4,23.2,24.2,1,22.2,50.8,74.3,99.7,0.3,26,50.5,73.3,99,1.3,23.8,48.3,74.9,100
30.1,42.7,27.3,28.2,16.9,25.4,2.8,21.7,48.3,70.6,97.9,0.7,24.5,51,79.7,100,1.4,23.1,47.6,65.7,95.1
28.2,39.6,32.2,19,20.8,30.1,1.3,22.9,42.3,66.1,98.7,0.4,21.6,52.9,75.8,99.1,0.9,26.9,54.6,76.7,100
29.9,38.9,31.1,16,21.8,32.5,1.2,19.3,41,63.1,99.2,0.4,25.8,57.8,76.2,100,0.8,26.6,51.2,75.8,99.6
33.8,38.6,27.6,27.6,16.8,20.9,1,25.6,47.4,75.9,100,0.3,22.6,51.4,73.4,99,0.5,23.8,49.6,74.2,99.2
27.7,39.1,33.1,18.1,20.1,27.8,0.6,19.4,47.1,74.6,100,1.1,26,46.3,72.6,99.1,0.3,23.7,53.1,77.4,99.7
32.4,40.9,26.8,28,21.2,21.2,0.6,23.5,48.2,74.1,100,0.3,22.1,46.5,70.6,99.7,2.4,26.2,52.9,75.9,98.2
32.1,36.1,31.7,21.1,17.9,25.1,0.8,21.8,50.4,73.4,99.6,1.2,23.8,48,78.6,98.4,0.4,27,49.6,74.6,100
27,40.7,32.3,16.6,19,25.9,0.8,16.9,46,67.7,99.2,1.6,28.2,56,78.2,100,0.4,24.6,46.4,71,98.8
26.9,44.2,28.8,26.2,20.4,25.2,1.9,21.2,49,74,99,2.9,27.9,53.8,77.9,100,1,18.3,44.2,61.5,96.2
30.3,37.5,32.2,20.1,17.6,28.8,0.6,19.4,48.4,68.8,99.1,0.9,26.9,47.5,73.8,97.2,0.3,27.5,52.2,75,100
27,45.3,27.7,24.8,13.2,27.7,1.6,24.4,46.3,75.9,98.7,0.3,29.6,51.4,73,99.7,1.3,17,45.7,74,100
30.6,38.8,30.6,24.2,18,23.8,0.4,21.6,51.8,73.1,99.6,2.4,26.1,48.6,78,100,1.2,22.9,48.2,73.9,98.4
30,41.5,28.5,26,18.1,25,0.5,28,51.7,75.8,100,0.8,22.6,49.1,74.3,99.7,0.3,23.2,49.4,70.5,99.2
36,32,32,24.2,22.9,19.8,1.3,26.8,55.7,82.9,100,0.9,21.9,39,67.5,98.7,0.4,20.6,46.9,76.3,99.6
29.5,41,29.5,27.7,18.1,23.2,0.6,21.2,53.8,73.1,99.4,2.6,25,47.4,78.2,100,1.3,27.6,50.6,69.2,97.4
28.1,43,28.9,24.1,15.4,27.6,1.1,25.7,47,71.9,99.7,0.3,25.4,50.8,73.5,99.5,0.5,21.9,50.3,79.2,100
31.5,38.4,30.1,24.7,19.4,24,0.7,23.5,46.7,74.7,100,1,27.7,54.3,74.4,99.7,0.3,19,48.1,73.4,99
27,46.3,26.7,26.8,14.3,24.6,0.9,25.5,46.6,70.8,98.4,0.3,23.9,48.4,73.9,99.7,0.6,23,56.8,78.3,100
27.4,46.3,26.3,24.3,19,17.5,2.1,30,47.9,70,98.9,0.5,18.9,54.2,77.4,99.5,4.2,25.8,46.8,73.2,100
28.8,42.5,28.8,24.7,16.7,25.1,0.8,30.8,53.8,76.7,100,0.4,19.2,47.5,71.2,99.6,2.5,23.8,49.6,73.3,96.7
34.2,37.6,28.2,33.6,19,17.2,0.9,28.2,54.7,71.8,94,1.7,23.9,44.4,76.9,100,4.3,21.4,47.9,68.4,99.1
26.2,43.7,30.1,22.4,16.7,25.4,0.9,26.6,51.5,74.2,100,0.4,24,49.3,74.7,98.7,1.7,23.6,47.6,72.9,99.6
31.9,32.8,35.3,16.1,24.6,24.6,4.2,30.3,57.1,78.2,95,0.8,19.3,38.7,70.6,100,3.4,23.5,45.4,68.9,99.2
27.4,45.2,27.4,25.4,16.2,21.6,1.6,28,47.3,69.4,100,0.5,21.5,48.4,76.9,98.9,2.7,23.7,53.8,73.7,97.8
28.4,44.7,27,23.6,19.3,17.9,2.8,19.9,53.2,73.8,97.2,0.7,23.4,41.8,68.8,100,7.1,27,56.7,80.9,98.6
34.4,31.2,34.4,15,27.6,18.9,1.6,19.5,35.9,71.1,97.7,0.8,38.3,60.9,78.9,99.2,3.9,18.8,46.1,66.4,100
28.2,37.1,34.7,17.1,17.9,26.8,1.6,16.9,49.2,77.4,100,3.2,25.8,51.6,75,98.4,0.8,15.3,44.4,64.5,96
25.1,47.3,27.5,24.7,13.9,27.1,0.6,25.1,47.9,73.1,100,1.8,22.2,53.3,74.9,98.2,1.2,21,43.7,68.9,99.4
28.5,35.4,36.1,21,25.9,24.5,2.1,28.5,47.2,75.7,100,0.7,19.4,43.8,78.5,99.3,2.8,22.2,50,68.8,97.9
32.9,37.6,29.5,28.5,18.6,23.8,0.6,26,54.3,75.1,98.3,1.7,17.9,39.3,69.4,99.4,1.2,24.9,50.3,82.1,100
31.3,40.1,28.6,26.7,18.5,21.9,1.4,24.5,53.7,76.9,98,0.7,15,39.5,67.3,99.3,2.7,33.3,49.7,72.8,100
36.2,28.3,35.5,19.7,27,18.2,1.4,26.8,51.4,75.4,99.3,3.6,15.9,49.3,65.9,98.6,0.7,25.4,44.2,71.7,100
32.7,35.9,31.4,23.2,19.4,21.9,0.6,21.2,48.7,78.2,100,1.9,33.3,60.3,74.4,99.4,5.8,20.5,40.4,59,97.4
26.5,47.4,26,24.6,13.8,19,0.5,25,48.5,72.4,99.5,1,23.5,49,73.5,100,3.6,24,50,78.6,99
28.1,45.8,26.1,25.2,15.8,19.8,1,23.6,44.8,69.5,100,0.5,23.2,51.7,77.3,99.5,1.5,24.6,45.8,67.5,91.1
33.3,37.2,29.5,23.4,21.1,22.7,0.8,23.3,45,69,95.3,5.4,21.7,58.1,78.3,100,3.1,25.6,46.5,64.3,99.2
24.7,40.7,34.7,19.5,17.4,31.5,6.7,34.7,48,65.3,100,1.3,17.3,42,74,99.3,0.7,22.7,54.7,76.7,98
30.8,38.5,30.8,19.4,19.4,25.6,1.5,32.3,50,68.5,98.5,0.8,21.5,39.2,80,100,2.3,22.3,50.8,76.2,96.9
25.3,46.2,28.5,19.8,17.5,25.4,0.4,21.3,39.9,69.2,100,1.6,24.1,55.7,77.9,99.6,1.2,27.7,46.6,69.6,99.2
25.8,43.2,30.9,22.6,14.5,26,0.4,19.9,39.8,75.4,97.5,0.8,31.4,55.5,73.7,99.6,2.1,22,44.5,73.3,100
29.6,40.8,29.6,24.9,17.5,25.5,0.6,27.2,52.1,79,100,1.8,27.5,52.4,75.4,99.7,0.3,19.2,45.9,70.7,97
35.1,32.7,32.1,25.1,22.8,21,1.2,21.4,46.4,73.2,99.4,0.6,24.4,47.6,72.6,95.8,1.8,23.8,51.8,76.8,100
26.6,41.5,31.9,20.9,17.6,28.9,2.7,32.4,51.1,72.9,95.7,1.1,25.5,52.1,81.4,100,0.5,18.6,43.6,66.5,98.9
27.2,43.5,29.3,27.4,15.8,24.7,3.7,24.1,45,73.3,94.8,1,27.7,49.2,73.8,100,0.5,20.9,52.4,75.4,98.4
24.5,41.5,34,17.1,18.5,31.5,1.4,38.1,59.2,75.5,96.6,2.7,21.1,40.8,72.1,100,0.7,21.8,50.3,74.1,99.3
31,36.1,32.9,23.4,20.8,22.1,1.3,31,59.4,76.1,97.4,1.9,17.4,49.7,75.5,99.4,0.6,23.2,40,69.7,100
27.3,40.6,32.2,19,19,24.6,2.1,25.9,47.6,69.2,96.5,0.7,14.7,44.8,76.2,100,2.8,23.8,51.7,74.1,97.9
31.8,33.5,34.7,22.3,19.4,20.6,1.1,25.6,48.3,66.5,100,0.6,27.3,58.5,79,98.9,2.8,17.6,42,68.2,98.3
20.7,45.5,33.9,15,16.7,30,4.1,15.7,47.1,74.4,96.7,0.8,24.8,42.1,62,100,1.7,28.1,57.9,76.9,98.3
34.4,38.2,27.4,25.4,21.6,16.2,1.1,31.7,58.1,78.5,100,0.5,17.2,42.5,72,98.9,2.2,28,51.1,67.2,98.4
38.3,29.1,32.7,24.1,25.1,16.4,3.1,32.1,55.6,77,99,0.5,16.3,35.2,69.9,99.5,1.5,29.1,51.5,74,100
33.6,36.4,30,27.9,21.9,19.2,2.3,30.5,55,75.5,100,0.5,16.4,47.3,75.9,99.5,2.7,24.5,45.9,67.7,97.7
36.7,33.7,29.5,27.3,18.8,18.2,1.8,28.3,54.8,74.1,99.4,1.2,21.1,46.4,80.7,100,0.6,17.5,47,67.5,98.2
33.3,29.7,36.9,19.6,24.2,19.1,1,25.1,51.3,76.9,100,0.5,18.5,49.7,72.3,96.9,2.1,24.6,47.2,69.7,99
33,36.8,30.2,24.2,22.3,18.5,0.9,25.9,55.7,78.3,98.1,0.5,17,39.2,58,100,2.4,32.1,60.4,74.5,99.1
33.7,33.7,32.6,21,25.7,19.1,1.6,27.5,50.8,74,98.4,0.8,17.8,45.7,71.7,100,0.4,26.4,50,77.1,99.2
23.3,46.6,30.1,23.9,11.5,28.4,0.5,21.5,41.1,67.1,98.2,1.4,19.2,44.7,75.3,99.1,1.8,37.9,60.3,75.8,100
32.9,33.6,33.6,22,19.9,22,1.1,26.1,57.2,78.8,98.6,0.4,18.7,39.9,63.6,100,0.7,26.5,51.9,76.3,99.6
32.1,36.9,31,21,23.6,23.6,0.4,24.6,51.1,77.2,97.4,2.6,23.5,44.8,70.5,100,3,27.2,51.9,74.6,98.9
31.5,35.2,33.3,25.2,23.4,21.5,1.9,18.5,48.1,75.9,98.1,0.9,26.9,59.3,71.3,100,3.7,23.1,38.9,73.1,99.1
35.2,32.4,32.4,21.2,26.9,13.5,2.9,20,57.1,78.1,98.1,6.7,26.7,43.8,70.5,95.2,1,22.9,42.9,67.6,100
32.8,37.5,29.7,27,20.6,30.2,4.7,32.8,53.1,71.9,98.4,1.6,20.3,48.4,79.7,100,6.2,21.9,40.6,68.8,96.9
40,31.8,28.2,26.2,21.4,20.2,2.4,30.6,48.2,67.1,98.8,3.5,15.3,49.4,80,100,1.2,16.5,44.7,74.1,97.6
35.6,31,33.3,20.9,24.4,25.6,3.4,24.1,46,66.7,100,5.7,17.2,56.3,80.5,97.7,1.1,26.4,42.5,70.1,98.9
31.7,33.9,34.4,18.1,23.1,23.1,0.5,26.8,47,73.2,97.8,1.1,18.6,48.1,69.9,100,1.6,26.2,52.5,77,99.5
33.3,38.1,28.6,27.7,20.5,20.5,9.5,34.5,52.4,76.2,97.6,1.2,26.2,44,77.4,100,2.4,14.3,53.6,70.2,94
29.9,36.4,33.8,22.4,19.7,32.9,14.3,29.9,40.3,70.1,93.5,1.3,11.7,50.6,79.2,100,6.5,24.7,49.4,68.8,98.7
26.7,38.7,34.7,25.7,20.3,28.4,2.7,34.7,49.3,74.7,97.3,1.3,16,48,68,100,6.7,22.7,46.7,70.7,98.7
32.1,40,27.9,25.9,17.5,22.8,0.5,28.4,49.5,71.1,100,1.1,20.5,52.1,76.8,99.5,2.6,25.3,47.4,70,98.4
30.1,40.4,29.5,24.8,13.1,26.9,0.7,25.3,46.6,68.5,93.8,3.4,21.9,47.3,74,100,5.5,24,52.1,81.5,97.3
28.8,40.7,30.5,16,19.6,24,0.4,27,47.3,73,100,0.9,23,52.2,76.5,99.6,2.2,23.9,49.1,73.9,99.1
32.9,35,32.1,26.4,19.8,20.7,0.4,26.7,48.6,74.9,100,0.8,22.2,47.7,73.3,99.6,1.2,24.7,52.7,77,99.2
30.5,39.4,30.1,22.4,20,23.7,1.6,27.6,56.9,83.3,99.6,2.4,22.8,44.3,70.7,100,0.4,22,48,70.3,98.8
36.1,37.4,26.5,25.3,21.4,21.4,0.6,18.7,54.8,76.8,100,1.9,23.2,42.6,69.7,96.8,1.3,28.4,48.4,73.5,99.4
35.5,36.8,27.7,23.4,24.7,15.6,1.9,29,56.1,75.5,99.4,5.8,19.4,43.9,73.5,97.4,0.6,22.6,43.2,69,100
37.6,34.4,28,26.6,18.5,22.6,1.6,22.4,48.8,74.4,95.2,0.8,19.2,40.8,65.6,99.2,2.4,32,55.2,79.2,100
34.7,34.7,30.6,25.5,21.9,28.1,1.6,26.4,50.3,77.7,100,0.5,23.3,46.1,71,97.9,3.1,22.8,47.7,72.5,99
28.5,39.2,32.3,23.6,19.1,29.3,4.4,27.2,50,74.1,100,0.6,19.6,51.3,75.3,98.7,1.3,20.9,43.7,70.3,99.4
29.5,36.4,34.1,20.1,19.7,24.7,0.4,30.3,52.5,75,99.6,0.2,22,42.2,70.5,100,0.6,26.7,52.7,76.1,99.4
30.3,37.4,32.3,23.3,18.4,25.9,1,24.5,49.7,75.8,100,1.3,22.9,52.3,70.3,99.7,0.3,26.8,47.1,75.5,98.7
30.6,35.4,34,17.7,23.5,29,0.3,24.5,54.4,79.6,99.3,1.4,23.5,45.2,73.8,100,0.7,25.5,48.6,73.1,99.7
21.1,50.5,28.4,21.8,11.7,27.2,1.9,26.8,55.2,77.9,97.5,0.6,21.8,50.2,75.7,100,0.3,23,45.4,69.7,99.4
24.2,44.9,30.9,20.5,14.4,28.8,1.1,24.2,47.2,72.8,98.1,0.4,23.8,50.9,76.2,100,0.8,26.8,50.6,75.8,99.6
28.6,42,29.4,20.5,19.4,24.3,0.4,21.2,43.9,68,94.4,1.1,23.8,55,75.8,99.3,0.7,25.7,47.6,75.5,100
25.1,44.9,30,22.9,13.9,26.1,1.5,25.7,51.1,71.9,98.9,0.2,24.5,50.4,74.9,99.4,1.1,24.9,48.5,76.6,100
22.3,50.3,27.4,20.2,14.2,25.2,0.3,19.5,49.1,81.8,99.4,0.6,26.7,50.9,70.4,99.7,3.1,25.2,46.5,79.2,100
28.8,41.2,30,23.5,19.6,22,0.3,20.5,43.3,72.7,99.4,1.5,32.6,51.6,79.5,100,0.9,25.5,45.7,70.6,99.7
26.2,45.7,28.1,22.7,16.5,20.8,2,27.3,50,73.8,99.6,0.4,23.4,46.9,72.3,98.4,2.7,25,53.1,77,100
22.9,48.4,28.8,23.7,9.9,33.6,2,13.1,43.1,75.2,100,0.7,22.2,49.7,70.6,99.3,3.3,34.6,51,77.8,98
35.1,36.2,28.8,27.4,20.7,19.3,0.4,21.8,51.3,76,100,1.1,27.3,49.8,73.8,96.7,1.5,22.1,47.6,73.1,99.3
32.8,37.4,29.8,27,19.7,22.4,0.3,25.6,46.9,73.4,100,1.6,25.2,52.8,75.1,99.7,0.7,20.7,45.6,74.1,99
37.5,35.6,26.9,28.6,18.5,19.8,0.6,21.4,46,72.2,100,0.3,27.8,51.5,75.7,99.4,1.6,21.7,47.2,75.1,99
32.8,41.3,25.9,28.6,16.3,21,0.3,24.1,48.3,73.8,100,1.7,24.7,50.6,74.7,99.7,0.9,22.7,49.7,71.5,97.1
31.2,34.6,34.1,20.8,21.3,27.5,0.5,26.9,48.6,71.6,97.6,3.4,23.6,52.9,77.4,99.5,1.4,21.6,41.8,75,100
35.9,37.5,26.5,26.6,17.5,20.1,0.3,24.3,50.5,75.7,100,2.9,23,46.3,76.1,99.7,1,26.5,52.4,72.2,99.4
35.2,36.8,28,22.7,22.7,20.7,0.4,26.5,51.3,74.5,99.8,0.2,22.2,47.2,77.2,100,0.6,26.3,48.7,73.7,99.6
33.5,38.9,27.6,27.1,17.9,23.8,0.3,23.2,48.6,77.6,100,1.4,26.8,51.4,73,99.7,0.5,24.1,48.1,70.8,99.5
36.6,36.6,26.9,23.6,21.1,23.6,1.7,25.2,51.3,78.2,98.3,0.4,25.6,50.8,73.5,100,0.8,21.8,44.5,71.4,98.7
31.8,42.4,25.9,24.1,16.9,23.8,0.3,29.9,54.5,76.9,99.1,0.6,20.2,50.8,72,100,1.2,24.9,44.9,72.6,99.7
32,39.6,28.4,22.3,19,23.2,1.2,21.6,52.7,73.8,100,0.3,25.6,46.6,70.4,99.4,0.6,23.5,49.4,79,99.7
35.7,42.9,21.4,38.2,14.5,16.4,7.1,26.8,55.4,71.4,100,3.6,28.6,44.6,78.6,98.2,1.8,10.7,37.5,69.6,96.4
39.7,43.6,16.7,33.8,16.9,11.7,1.3,14.1,41,71.8,96.2,7.7,28.2,55.1,67.9,100,23.1,30.8,46.2,80.8,97.4
39.5,30.3,30.3,25.3,25.3,18.7,2.6,31.6,51.3,68.4,97.4,9.2,18.4,48.7,75,100,1.3,10.5,39.5,73.7,96.1
32,39.2,28.9,27.1,17.7,17.7,6.2,21.6,45.4,77.3,100,1,16.5,47.4,61.9,94.8,2.1,35.1,55.7,84.5,99
34.7,34.7,30.6,19.6,21.6,21.6,4.1,15.3,36.7,68.4,95.9,1,29.6,48,82.7,100,5.1,26.5,51,72.4,99
29.2,35.8,34.9,21,21,27.6,1.9,17.9,55.7,76.4,99.1,0.9,20.8,40.6,58.5,96.2,2.8,26.4,52.8,80.2,100
36.6,36.6,26.7,24,31,22,5.9,27.7,54.5,79.2,100,2,21.8,50.5,68.3,97,1,12.9,37.6,64.4,99
21.8,43.6,34.5,24.1,16.7,35.2,9.1,27.3,45.5,63.6,98.2,1.8,23.6,49.1,76.4,100,5.5,16.4,41.8,72.7,96.4
39.1,29.7,31.2,14.3,28.6,25.4,3.1,15.6,51.6,71.9,100,1.6,25,40.6,65.6,93.8,6.2,21.9,42.2,79.7,95.3
36,32,32,20.2,26.3,25.3,4,24,55,72,96,2,23,50,79,100,1,25,44,66,99
43.2,25.9,30.9,20,36.2,11.2,6.2,23.5,48.1,80.2,100,1.2,7.4,38.3,59.3,92.6,8.6,28.4,53.1,76.5,97.5
32.2,37.1,30.8,26.8,17.6,23.2,2.1,20.3,53.8,73.4,100,0.7,29.4,56.6,76.2,99.3,1.4,21.7,45.5,61.5,95.8
37.1,38.1,24.7,30.2,14.6,24,5.2,28.9,50.5,71.1,100,2.1,17.5,40.2,75.3,99,1,25.8,46.4,74.2,93.8
35.3,31.8,32.9,25,23.8,23.8,2.4,17.6,40,65.9,100,1.2,28.2,56.5,77.6,98.8,8.2,32.9,47.1,67.1,94.1
30.6,40,29.4,20.2,17.9,26.2,12.9,24.7,47.1,58.8,98.8,1.2,28.2,50.6,78.8,96.5,2.4,17.6,44.7,76.5,100
27.9,43.4,28.7,23.1,18.2,26.4,5.7,24.6,50.8,68.9,98.4,1.6,20.5,36.9,63.9,99.2,0.8,35.2,61.5,80.3,100
28,44,28,25,13.7,28.2,0.8,12,51.2,79.2,100,2.4,27.2,40.8,72,97.6,5.6,20,54.4,74.4,99.2
34.7,37.8,27.6,28.9,22.7,20.6,4.1,27.6,53.1,77.6,99,1,25.5,49,72.4,100,6.1,20.4,38.8,66.3,98
45.4,21.6,33,19.8,34.4,13.5,2.1,23.7,47.4,76.3,97.9,4.1,29.9,50.5,59.8,99,1,21.6,49.5,77.3,100
33.7,31.5,34.8,31.8,22.7,15.9,4.5,27,47.2,75.3,97.8,5.6,25.8,51.7,69.7,91,1.1,12.4,48.3,78.7,100
25,44.4,30.6,25.7,14.3,22.9,8.3,19.4,30.6,41.7,83.3,2.8,25,50,80.6,97.2,13.9,16.7,55.6,69.4,100
29.2,35.4,35.4,21.3,23.4,27.7,2.1,6.2,37.5,54.2,89.6,12.5,27.1,45.8,66.7,100,8.3,29.2,56.2,75,97.9
30.8,44.6,24.6,26.6,12.5,23.4,1.5,15.4,35.4,50.8,96.9,4.6,30.8,58.5,80,98.5,7.7,24.6,44.6,72.3,100
31.2,42.2,26.6,25.4,22.2,23.8,3.1,17.2,39.1,68.8,96.9,6.2,31.2,60.9,76.6,100,1.6,15.6,34.4,59.4,98.4
32.4,32.4,32.4,19.4,25,22.2,10.8,32.4,59.5,81.1,91.9,8.1,21.6,40.5,64.9,100,5.4,18.9,43.2,75.7,94.6
29,22.6,48.4,13.3,40,26.7,12.9,19.4,41.9,77.4,96.8,3.2,3.2,45.2,61.3,100,6.5,16.1,38.7,67.7,93.5
30.6,33.3,36.1,28.6,20,17.1,25,30.6,47.2,69.4,100,11.1,22.2,58.3,72.2,86.1,2.8,8.3,33.3,55.6,97.2
32.4,32.4,35.1,11.1,38.9,22.2,8.1,18.9,51.4,73,86.5,2.7,27,45.9,70.3,100,5.4,16.2,40.5,67.6,94.6
22.5,45,32.5,17.9,15.4,20.5,10,30,62.5,77.5,100,2.5,20,37.5,60,85,7.5,15,50,75,95
40.4,27.7,31.9,15.2,30.4,15.2,2.1,12.8,46.8,74.5,97.9,14.9,19.1,34,63.8,78.7,4.3,21.3,48.9,80.9,100
33.3,28.2,38.5,31.6,28.9,18.4,12.8,20.5,43.6,61.5,100,2.6,23.1,51.3,76.9,97.4,5.1,10.3,33.3,71.8,92.3
26.1,41.3,32.6,24.4,13.3,42.2,2.2,8.7,45.7,63,97.8,6.5,19.6,39.1,71.7,95.7,10.9,21.7,50,76.1,100
36.1,33.3,30.6,28.6,25.7,25.7,5.6,25,55.6,75,100,2.8,11.1,38.9,52.8,94.4,19.4,22.2,47.2,72.2,97.2
