11.701,0.557,6.129,4.457,4.457,3.343,1.114,4.457,7.243,5.572,2.786,1.114,3.343,1.114,2.786,7.243,5.572,6.686,1.114,2.229,-5.282,-3.364,-2.138,-3.14,2.909,2.004,3.822,4.404,1.661,-1.049,-0.576,2.005,2.086,3.502,-0.131,-0.299,-2.726,-2.109,5.837,3.837,4.809,1.659,-6.873,-4.444,4.354,3.776,-0.907,3.355
15.454,0.859,10.302,2.576,5.151,8.585,1.717,6.868,12.878,11.161,2.576,8.585,2.576,5.151,3.434,6.01,5.151,11.161,1.717,3.434,1.061,4.652,-11.255,-11.003,1.721,8.177,5.99,6.156,-11.828,-9.555,1.157,0.465,0.01,2.356,-5.035,-4.942,-1.718,-0.422,2.077,5.15,-2.187,-3.922,-3.961,0.14,-2.891,-1.44,2.969,2.735
21.234,0.786,5.505,6.292,7.865,12.583,1.573,1.573,7.865,7.078,3.932,4.719,2.359,3.932,0.786,9.438,4.719,5.505,3.146,0.786,-3.536,-5.289,-0.12,-7.586,0.336,0.187,6.93,10.66,-4.071,-11.229,-1.248,-8.543,0.936,5.59,5.558,2.017,2.935,-5.474,1.713,1.927,-0.137,3.184,1.367,-4.498,-3.276,-3.792,1.185,2.597
17.835,0.595,3.567,1.784,2.378,11.89,2.973,4.756,7.134,6.54,2.973,1.784,1.784,4.162,1.784,5.945,0.595,5.945,1.189,1.784,2.154,-1.235,-0.394,-4.193,-4.807,-2.548,1.01,1.16,0.349,0.174,3.445,-3.214,4.976,-1.36,6.22,6.36,-2.17,-1.279,0.454,-0.789,1.538,-1.863,2.952,1.845,7.242,3.235,-2.303,-4.351
10.054,0,3.549,8.28,3.549,6.506,6.506,5.323,11.237,11.237,1.774,1.183,2.366,2.957,2.366,3.549,2.957,4.731,1.183,1.774,-4.251,-5.585,-1.966,1.339,-2.064,4.076,5.026,6.914,-3.953,-4.983,1.389,0.84,2.484,8.542,4.784,3.719,-3.534,1.066,-4.509,-4.404,5.312,3.913,-5.164,-0.615,-0.891,-0.249,0.342,1.342
12.738,0,6.744,3.746,10.49,8.242,2.997,6.744,7.493,4.496,2.997,3.746,3.746,2.997,2.248,6.744,6.744,6.744,0.749,1.499,-6.486,-5.936,1.514,-0.81,2.454,1.062,-1.042,-0.875,-0.011,-1.547,-4.335,-8.312,5.747,3.127,4.764,0.862,-6.501,-6.612,-0.177,-2.596,10.674,6.933,-3.482,-3.9,3.406,0.983,4.351,4.844
14.59,0,4.168,9.726,4.863,4.863,3.474,6.253,9.726,9.726,0.695,4.168,3.474,2.779,0.695,6.253,5.558,11.811,2.084,1.389,-0.978,-1.747,-5.709,-11.717,-0.341,-2.019,4.452,9.866,-4.656,-8.518,-5.729,-11.612,6.919,8.437,6.371,8.051,0.758,-4.22,-4.331,-3.856,0.799,3.959,3.068,5.909,2.054,-3.019,3.404,-1.893
12.211,1.628,5.698,6.512,6.512,10.582,7.326,0,8.954,14.653,0.814,4.884,5.698,2.442,2.442,4.07,5.698,14.653,1.628,2.442,-4.238,0.617,-2.928,-10.447,-2.47,-0.541,7.266,9.114,0.463,0.722,-12.832,-9.319,3.76,-0.051,0.295,-0.705,2.173,1.062,-1.122,-4.366,-4.114,-6.501,1.223,0.003,6.438,4.709,1.035,1.906
14.505,0.659,5.274,1.319,5.934,8.571,2.637,3.956,7.252,9.889,1.978,2.637,3.956,3.956,0.659,3.956,4.615,6.593,1.319,3.296,-2.286,-2.309,-1.024,-7.202,2.273,-2.243,-0.891,1.087,0.61,-2.816,2.999,-3.02,2.306,1.93,7.618,6.477,-0.777,-5.496,-2.183,-1.837,5.232,3.79,-1.867,-5.274,4.416,0.357,3.955,3.215
5.103,1.392,5.103,7.422,3.711,2.319,3.711,1.855,6.494,5.566,1.392,2.783,2.783,2.319,4.639,1.392,4.639,2.319,1.392,3.247,3.068,3.995,-8.843,-11.268,-0.064,4.573,8.298,11.441,-0.137,0.452,-2.954,-1.958,0.58,6.327,9.794,5.621,-1.768,-2.607,-0.864,3.743,4.112,6.676,-3.012,-2.636,-2.879,0.733,-2.48,2.478
20.153,0,9.546,7.425,7.425,7.425,5.303,7.425,10.607,18.031,6.364,5.303,3.182,11.667,8.485,12.728,8.485,11.667,2.121,3.182,-4.157,-4.113,-10.622,-16.407,3.51,0.623,10.745,19.239,6.544,-4.057,-7.476,-8.025,-6.305,-0.27,10.878,9.764,-16.571,-11.094,-8.292,-5.929,7.912,11.03,-13.373,-7.222,2.957,-2.965,-11.913,-10.936
18.238,1.52,6.079,4.559,4.559,9.879,0.76,6.079,6.079,9.879,1.52,5.319,4.559,3.799,4.559,12.158,9.119,6.079,0.76,7.599,-6.162,-4.033,-5.21,-7.626,5.392,2.745,2.254,1.081,-1.773,-2.736,-1.584,6.148,-1.179,0.038,-2.601,-5.146,-6.326,-5.394,6.106,2.967,1.887,0.538,4.44,-1,-2.827,-5.999,-0.078,2.973
27.233,2.635,11.42,4.392,3.514,12.299,0,7.906,5.271,13.177,5.271,6.149,2.635,4.392,8.785,12.299,7.028,11.42,0,5.271,5.295,3.415,-6.842,-7.776,-2.311,-2.69,-6.168,-3.903,-13.08,-12.077,-0.133,1.007,12.332,11.964,5.83,5.823,-8.981,-2.394,1.09,0.296,-10.293,-8.981,-6.855,-7.283,-6.902,-7.017,7.616,7.918
8.03,1.784,3.569,5.353,3.569,9.815,1.784,3.569,11.599,7.138,1.784,5.353,8.03,3.569,1.784,6.246,7.138,2.677,0.892,5.353,4.063,5.765,-7.753,-6.962,-4.699,-0.726,-5.84,-2.025,-1.258,-4.386,-0.905,1.179,-1.758,3.233,-4.354,-2.26,-2.01,1.373,2.794,4.151,3.359,3.628,0.902,-0.919,0.833,2.936,5.229,7.371
11.721,1.465,5.86,5.86,3.663,10.988,2.198,2.198,9.523,3.663,1.465,2.93,2.93,5.86,2.198,0.733,6.593,5.86,1.465,3.663,-5.724,2.219,-3.98,2.662,-5.55,-0.677,5.849,9.132,-6.957,-8.653,0.077,2.04,0.959,0.432,-0.385,3.229,0.16,-2.773,0.291,8.276,-1.263,0.895,1.336,1.734,-2.321,-2.715,4.042,6.828
22.129,3.405,8.511,8.511,3.405,11.916,1.702,5.107,13.618,6.809,3.405,5.107,10.214,8.511,1.702,5.107,3.405,11.916,3.405,1.702,1.642,0.093,-6.7,6.281,-12.661,-10.548,6.767,3.179,-8.82,-9.191,5.502,4.087,-5.732,-1.399,3.396,6.651,-3.685,-5.132,-5.916,-0.574,-5.754,-0.252,6.988,2.189,-1.146,-4.856,-2.502,-1.495
6.952,1.264,6.952,8.848,4.424,11.375,2.528,2.528,2.528,7.584,3.792,3.792,6.32,2.528,1.896,3.16,6.952,2.528,2.528,4.424,-1.308,6.077,-4.181,-2.766,4.651,2.302,-2.882,-1.546,-5.934,-5.294,3.953,-2.508,3.407,5.732,0.993,1.104,2.569,7.429,-0.317,-0.799,0.722,-1.953,-1.553,-0.393,-2.681,-4.523,4.217,2.586
10.729,1.951,5.852,3.902,0.975,10.729,1.951,0,11.705,4.877,4.877,0.975,0,1.951,0.975,4.877,0.975,4.877,0,4.877,0.294,3.694,-7.825,-5.367,0.643,4.313,2.626,7.321,-4.999,-4.841,0.877,4.88,-0.184,3.245,-4.369,-0.884,-0.292,-1.365,1.376,0.428,-0.953,3.343,7.134,9.414,3.967,4.086,-2.806,-0.81
11.036,2.759,2.759,8.277,5.518,12.416,2.759,5.518,5.518,1.38,8.277,4.139,5.518,4.139,1.38,8.277,8.277,5.518,0,4.139,-4.675,-6.501,-6.697,-10.891,6.197,11.329,-3.212,-5.975,-4.071,-7.229,5.895,6.882,-0.534,-4.889,1.646,1.61,7.186,11.176,-7.485,-12.039,6.985,0.179,2.062,6.057,2.314,-8.108,3.117,2.07
7.432,1.143,4.574,5.146,2.287,3.43,1.715,0.572,5.146,5.717,1.715,0,2.287,3.43,2.287,2.287,1.715,0.572,0.572,2.859,1.673,5.081,0.125,1.886,1.144,3.215,8.142,10.663,-1.427,2.138,0.675,2.882,1.309,6.114,3.418,7.511,-2.602,-1.501,-4.478,-6.238,0.852,1.826,5.343,8.397,-1.697,-1.36,-4.465,-3.513
2.157,0,0,3.236,1.618,0.539,0,1.618,2.157,3.236,0,2.157,0.539,2.697,4.854,2.157,1.079,0,0.539,0.539,3.977,2.903,6.008,2.563,-0.919,-3.107,-1.751,0.186,-0.637,0.161,6.167,2.867,5.975,4.383,-2.287,0.335,5.394,3.972,-2.895,-0.573,1.385,2.446,7.975,3.237,7.322,8.013,4.239,3.537
3.624,0.906,0.906,4.531,1.812,2.265,0.453,1.359,3.624,2.718,0.453,3.171,1.812,3.171,5.437,2.265,1.812,2.265,0.906,1.359,3.739,3.739,4.85,6.766,2.771,4.771,-1.203,2.242,0.839,2.598,4.672,1.875,1.467,1.598,3.555,2.036,9.317,6.928,-3.046,1.499,1,2.586,-5.285,-0.778,-1.06,-0.823,-0.89,-0.619
3.147,0,1.573,6.294,1.573,2.36,0.787,4.72,8.654,7.08,0.787,5.507,3.147,0.787,5.507,3.934,4.72,1.573,1.573,1.573,4.17,5.639,0.201,-4.06,8.52,7.705,2.711,1.193,3.489,3.166,-2.202,-2.24,-4.614,-0.102,-2.066,0.348,-1.777,-0.295,6.781,10.201,-3.96,-1.172,-6.415,-1.294,3.899,4.762,-1.015,3.129
2.113,1.408,0,5.634,2.113,0,0.704,3.521,4.93,3.521,0.704,2.817,1.408,2.113,5.634,2.817,2.113,2.113,0.704,0,10.579,11.004,7.263,3.706,-0.091,-2.164,4.311,2.344,2.753,1.136,3.1,2.393,-1.916,-2.147,-5.403,-3.476,-4.067,-5.29,-0.407,0.828,1.67,3.897,9.182,8.469,-2.692,3.346,2.567,4.739
3.276,0,0,3.276,2.184,4.369,2.184,6.553,4.369,4.369,1.092,2.184,3.276,4.369,6.553,4.369,1.092,1.092,0,2.184,4.182,3.109,0.757,0.317,2.275,2.605,9.224,9.624,0.451,0.845,-1.651,1.187,-8.865,-5.496,7.704,10.111,5.674,1.771,-6.182,-1.084,-4.388,-2.617,8.047,7.201,-1.281,-1.769,1.267,0.19
7.381,0,4.921,2.46,0,7.381,2.46,9.842,9.842,4.921,4.921,9.842,0,4.921,9.842,9.842,4.921,7.381,2.46,2.46,13.198,14.858,-17.093,0.221,7.426,4.882,4.461,11.307,15.267,11.959,7.446,4.162,-18.172,-9.835,-3.161,-4.038,10.798,4.476,-6.949,-12.342,-2.218,-7.722,-6.864,-7.216,-10.64,-8.672,3.567,-4.908
0.985,0.985,0.985,3.939,0,3.939,2.954,3.939,9.846,3.939,0.985,1.969,2.954,2.954,4.923,0.985,0.985,3.939,2.954,0.985,-1.262,2.795,-0.442,-1.144,2.237,2.221,6.615,5.211,0.845,2.13,-2.006,-5.074,-4.422,-0.948,11.365,7.641,-4.931,-0.273,-3.139,-6.792,8.013,8.451,12.025,11.357,-2.179,-1.483,-1.508,-0.445
5.545,0,2.772,5.545,0,2.772,2.772,5.545,5.545,4.158,1.386,5.545,1.386,1.386,8.317,2.772,5.545,1.386,4.158,1.386,5.713,7.307,-10.731,-2.198,-2.338,-0.416,9.79,2.506,-6.75,-12.67,-4.084,-9.335,2.621,0.807,19.055,14.185,-9.859,-3.34,-9.904,4.433,8.662,10.307,12.488,3.908,-3.937,-2.589,5.472,2.976
12.811,0,2.329,10.481,2.329,8.152,2.329,6.988,3.494,10.481,2.329,1.165,4.658,5.823,10.481,4.658,3.494,5.823,0,0,-5.202,0.796,-16.981,-8.322,-5.037,1.85,1.963,6.136,-6.063,-6.903,-2.719,-0.414,7.737,5.893,2.971,7.711,-10.299,0.388,7.559,11.622,5.184,1.936,-0.176,-1.899,-9.631,-1.356,9.051,6.38
6.836,1.709,6.836,5.127,0,10.254,3.418,13.672,6.836,10.254,5.127,3.418,3.418,10.254,6.836,3.418,10.254,8.545,0,0,-7.028,-0.892,-13.999,-9.628,2.208,6.028,-7.584,-2.45,-4.498,-8.068,-11.041,-6.27,2.73,3.95,4.176,2.402,0.483,3.454,0.362,7.687,11.577,7.534,-3.574,-2.629,-5.775,-1.975,10.282,6.33
7.842,0,1.426,1.426,0.713,5.704,2.139,4.278,8.555,4.278,0.713,0.713,1.426,2.852,6.417,9.981,1.426,2.139,0,2.139,0.228,0.903,-0.677,1.565,-0.595,5.468,4.685,6.282,3.5,4.465,-0.109,1.79,-6.05,-2.783,3.433,6.155,3.438,5.324,6.021,5.085,-1.402,-4.964,2.146,3.791,-10.347,-0.088,-2.517,1.086
6.814,1.136,9.085,3.407,11.356,6.814,3.407,7.949,9.085,12.492,2.271,9.085,4.542,6.814,7.949,6.814,3.407,3.407,2.271,2.271,2.947,2.294,-14.04,-3.894,6.098,5.747,-10.531,-8.808,-13.143,-4.927,-6.205,-8.221,3.545,4.278,1.32,1.477,4.341,4.965,-4.804,-4.138,14.686,5.356,10.479,12.736,-12.112,-3.319,-1.901,-4.601
5.778,0.385,2.696,6.548,0.385,2.696,0.385,0,2.696,9.244,1.541,0,0.385,5.392,6.163,2.696,2.311,3.467,1.156,1.541,-8.51,-2.292,-0.926,-1.144,1.584,4.304,3.886,7.621,-0.134,0.491,0.371,-1.521,2.893,7.135,0.71,4.001,-0.042,-1.587,-6.647,1.198,16.224,12.666,-4.088,0.462,3.844,2.305,-0.231,1.96
22.702,0,6.191,7.223,5.16,5.16,1.032,3.096,4.128,15.479,9.287,13.415,3.096,17.542,7.223,10.319,9.287,3.096,1.032,6.191,-6.534,-7.407,-1.804,-6.685,-1.053,-0.728,9.729,6.59,-5.91,-6.667,-6.504,2.577,3.199,4.974,-7.148,0.232,-7.708,-5.357,-6.166,-2.003,6.876,10.035,-9.136,-11.417,-1.294,-3.94,2.735,-0.143
7.667,0,5.412,3.608,0.902,1.353,0.902,1.353,5.863,4.51,1.353,2.706,1.804,2.706,1.804,0.902,2.255,1.804,0,0.902,-5.105,-2.323,-0.413,1.538,5.155,7.583,-1.241,4.413,-2.345,-1.075,1.483,4.489,4.671,7.931,0.643,3.518,0.791,2.739,1.062,4.449,-0.455,3.784,1.364,2.901,2.352,5.788,-2.363,0.855
19.888,1.421,3.551,7.103,2.841,7.103,0.71,1.421,10.654,8.524,2.131,1.421,4.972,5.682,1.421,3.551,4.262,2.131,2.131,0,-4.157,-5.24,-0.46,-0.424,3.819,7.302,-3.512,1.039,-3.674,-2.022,1.402,1.556,-1.018,4.125,7.718,9.856,-0.639,-2.964,4.171,3.345,0.244,3.265,-8.038,-4.942,-2.27,-1.519,-1.495,3.617
9.595,2.741,16.448,5.483,9.595,8.224,9.595,10.966,12.336,13.707,1.371,8.224,4.112,6.854,5.483,4.112,9.595,4.112,4.112,8.224,-5.611,-6.419,-3.594,0.465,-0.867,-5.872,1.892,6.586,-5.917,-2.218,-2.385,-1.393,-3.486,4.254,1.901,-11.175,4.547,-5.053,-3.705,0.585,4.21,6.972,1.614,-3.829,-4.21,-4.497,-6.957,-10.726
8.827,0.631,5.044,4.414,5.044,3.783,0,5.675,1.261,7.566,0,6.305,5.044,5.675,6.936,10.088,10.088,8.827,1.892,2.522,-2.399,-6.323,-3.456,-3.858,0.033,5.703,2.723,3.162,0.457,-0.872,-4.725,-4.04,9.052,7.801,-2.358,-2.54,1.71,1.497,-4.541,-1.518,2.303,3.982,-1.03,-2.415,-5.72,-2.609,5.502,4.855
5.478,1.217,1.217,8.521,3.043,7.913,0.609,5.478,3.043,7.913,1.826,1.826,3.652,4.869,3.043,1.826,5.478,2.435,0.609,3.043,6.125,0.865,-2.361,-5.631,0.492,-1.249,4.997,3.044,-0.315,-1.047,-2.473,-1.013,-2.771,2.137,-2.031,-0.599,-2.33,-1.907,4.369,-0.65,6.587,6.761,2.316,1.167,2.27,2.696,1.84,5.668
9.255,2.435,2.435,3.41,3.41,6.332,2.435,1.948,1.461,15.587,2.923,0.974,7.306,8.281,2.923,4.871,5.358,2.435,0.487,0.974,2.522,-0.46,-4.795,-5.442,3.861,2.692,2.799,1.095,-4.01,-2.625,-1.016,-1.156,2.7,2.782,-2.879,-0.47,-0.507,-5.746,2.529,-0.13,7.395,6.323,2.766,-0.017,2.593,0.826,2.377,0.748
8.945,4.128,4.128,3.44,4.128,6.192,3.44,4.816,7.568,13.761,2.752,10.321,8.257,6.88,4.816,6.88,7.568,11.697,0,4.128,-4.946,-1.823,-3.559,-2.696,1.229,5.306,2.087,1.189,-3.244,-2.385,3.671,2.149,-4.151,-1.914,-0.506,5.087,0.409,-0.915,-3.716,-4.321,2.573,4.643,-4.583,-4.795,-5.76,-6.496,2.642,0.977
5.354,2.677,4.685,8.701,5.354,4.016,0.669,4.685,4.685,16.733,1.339,6.024,5.354,6.693,5.354,11.378,5.354,4.685,2.677,4.685,-4.93,2.914,-8.917,-8.412,5.837,5.384,-2.598,-0.667,1.638,-4.377,-3.921,0.701,1.792,-1.236,1.173,-0.305,-0.815,-1.57,2.28,2.959,7.948,9.898,-9.026,-10.601,-5.74,-3.851,5.308,8.031
8.496,4.248,4.248,13.806,5.31,3.186,3.186,5.31,6.372,14.867,4.248,4.248,11.682,8.496,6.372,9.558,11.682,5.31,2.124,2.124,-5.938,-9.42,-5.888,-10.927,5.238,13.077,-2.179,2.557,-9.894,-11.832,1.69,-3.448,10.858,14.128,-9.707,-6.945,3.905,1.417,-5.252,-1.836,-3.859,-3.34,-5.16,0.688,2.949,0.021,2.412,1.817
6.922,5.192,3.461,8.653,5.192,2.596,4.326,5.192,10.384,13.845,0.865,5.192,0.865,6.057,7.788,6.922,12.979,2.596,0.865,1.731,2.219,3.376,-16.338,-10.475,9.438,2.227,6.826,4.148,-10.749,-3.229,5.885,0.317,3.549,7.354,-10.271,-4.09,-10.04,-10.493,5.647,3.604,7.454,6.683,-0.561,2.605,4.839,0.009,-3.654,-7.904
5.097,7.136,10.194,12.233,9.175,3.058,4.078,7.136,11.214,16.311,4.078,9.175,3.058,11.214,5.097,12.233,8.155,7.136,1.019,4.078,-4.904,-0.344,-8.926,-13.458,-2.931,0.321,10.383,7.994,-9.055,-7.587,-5.982,2.633,13.529,14.986,4.627,9.592,-23.177,-23.397,-3.634,-3.912,7.275,11.644,-2.505,0.462,-10.792,-10.652,-1.142,-1.92
4.756,2.378,4.756,7.134,5.945,2.972,1.783,4.161,7.728,11.295,4.161,7.134,2.972,4.756,5.35,4.161,2.378,2.972,0,2.972,-9.972,-3.443,-2.211,-6.139,3.851,4.497,8.897,4.427,-6.507,-5.365,-2.831,-0.719,7.928,5.605,4.235,5.234,-0.278,1.567,1.189,2.445,3.078,1.641,-8.291,-4.191,3.929,5.726,-1.531,-2.539
4.378,0.73,1.459,10.215,6.567,1.459,1.459,5.837,8.026,14.593,5.107,7.296,0.73,9.485,9.485,5.107,8.026,6.567,2.919,5.837,-6.282,-3.974,-6.945,-8.408,-5.758,2.196,10.022,7.264,-9.671,-2.426,9.863,4.212,-4.635,-8.568,-3.717,-1.042,-4.993,1.152,7.612,6.123,0.453,-1.458,-3.316,-0.812,-0.172,-0.341,2.646,5.691
2.987,0,9.955,8.96,9.955,3.982,0,12.942,14.933,9.955,2.987,7.964,2.987,10.951,2.987,8.96,0,4.978,0.996,1.991,-4.475,2.88,-25.552,-20.831,10.746,20.018,6.189,9.848,-3.414,-7.833,2.412,4.28,4.546,8.271,-3.937,-0.261,-8.785,-10.025,-12.246,-5.901,-1.142,2.152,-1.938,-1.633,3.582,6.092,-0.173,8.661
1.612,0,3.224,10.477,4.03,4.03,0,1.612,8.059,9.671,0.806,1.612,3.224,3.224,0,4.836,1.612,2.418,0,0.806,-3.958,1.641,-6.914,-4.067,-0.042,4.927,6.268,7.423,-3.004,-3.305,-2.336,5.193,1.183,10.475,0.786,3.783,-0.536,-0.266,2.451,10.849,-3.728,-1.16,-2.529,0.357,1.859,9.07,0.395,3.934
6.804,0,8.66,4.948,4.948,5.567,1.237,3.711,9.897,5.567,1.856,0,0,0.619,0.619,6.804,3.093,3.093,0,0,3.653,10.223,-5.54,1.345,1.844,6.268,-5.446,-2.911,-6.984,-2.973,-3.528,-0.354,-0.651,3.271,2.39,7.68,2.941,8.166,1.298,3.873,-3.065,1.96,-4.222,1.112,-0.985,3.358,2.342,7.512
6.643,0,4.982,9.965,3.322,4.982,0,6.643,3.322,4.982,0,3.322,0,0,3.322,1.661,1.661,0,0,1.661,-9.686,-0.124,-8.139,-6.748,9.137,15.95,2.432,6.856,-13.923,-18.997,3.183,5.941,7.812,10.046,-7.875,-7.835,0.021,-0.31,0.739,16.753,4.299,5.901,-13.038,-11.28,12.331,21.096,5.521,13.47
4.131,0.376,4.131,9.389,5.258,3.756,1.127,4.507,9.389,6.76,0.751,3.004,2.629,3.004,1.878,5.258,4.882,2.253,1.127,1.878,-0.752,5.658,-2.752,1.13,-0.13,4.002,4.712,5.962,1.81,4.901,-3.988,-1.865,-1.381,-0.033,0.629,0.693,-0.913,2.253,-2.163,1.717,-1.875,4.501,-0.779,2.328,1.291,2.503,-3.394,0.449
6.572,0,9.1,6.572,7.583,6.572,0.506,4.044,6.067,6.067,5.055,5.561,2.528,0.506,2.528,5.561,5.055,5.561,1.517,1.011,1.952,2.292,-5.251,-2.8,-0.654,-1.379,1.704,4.147,3.913,0.432,-0.337,0.548,4.321,8.471,-1.014,-1.926,-0.54,1.167,-10.313,-8.415,-2.242,3.25,2.813,-1.156,3.075,9.152,-1.282,2.107
4.948,1.649,9.071,4.123,4.536,4.536,0.412,2.886,6.185,6.185,2.886,4.536,2.062,3.711,2.474,3.711,3.299,4.123,1.649,3.299,-5.671,-6.28,0.267,-1.613,-1.466,2.324,-0.041,3.641,-0.328,-2.313,-0.176,-0.176,5.088,11.504,0.424,0.082,-2.328,0.495,0.177,3.391,-0.546,3.541,0.293,-1.027,1.322,3.964,2.828,6.343
4.407,2.448,6.366,4.407,4.407,6.855,0.979,6.366,5.386,6.855,0.979,6.366,4.407,5.876,4.407,15.669,9.303,3.917,1.469,3.917,-0.961,0.71,2.27,5.716,-4.861,-0.952,4.6,4.246,-7.069,-5.097,0.611,-3.841,-3.347,-4.102,0.691,-2.543,-6.924,-4.898,-1.448,-5.173,1.55,3.428,3.503,3.747,0.368,2.892,5.808,6.293
3.834,3.286,4.929,7.12,3.834,5.477,3.834,2.191,9.858,9.31,1.643,6.024,12.048,6.572,3.286,10.953,8.762,12.596,2.191,4.929,-0.185,1.927,8.034,5.065,-0.797,-4.788,0.435,1.546,3.166,0.539,-0.631,-1.146,-1.216,-1.193,-7.442,-6.836,3.746,-0.605,-1.428,1.964,-5.256,-0.704,-6.423,0.374,-6.24,-2.294,-3.938,1.651
2.451,1.961,4.901,4.411,2.941,6.372,0.98,4.901,9.313,10.293,0,4.411,2.941,7.842,2.451,8.823,6.372,5.882,1.47,0.49,-0.51,2.057,6.884,7.134,-1.628,2.11,-4.205,-3.286,1.252,0.496,-0.009,-0.191,-2.177,-1.281,-2.184,-0.03,-3.442,-3.249,-0.175,-1.19,-4.842,-0.097,-0.403,3.504,0.353,3.432,5.501,6.969
4.421,1.105,1.658,9.395,2.763,4.974,0,3.869,7.185,11.053,2.211,3.869,4.974,9.395,2.763,11.053,6.632,7.737,1.658,1.105,-9.201,-3.036,8.583,11.135,-5.042,-3.848,0.769,-2.622,1.224,4.278,1.44,0.373,1.972,3.446,0.647,-2.345,1.38,-0.863,-1.882,0.117,1.799,3.468,-6.61,-1.754,2.094,2.117,-4.34,-1.123
1.339,1.071,4.016,3.481,1.607,1.874,0.803,3.749,8.033,3.749,0.536,2.142,1.339,1.874,0.803,3.481,4.552,2.142,1.071,1.071,-4.668,-1.066,0.33,3.242,1.359,3.152,0.916,0.483,2.3,3.974,-1.183,3.247,1.94,1.252,-0.056,6.211,5.156,4.89,0.152,0.486,-1.945,0.713,0.745,3.465,2.267,5.312,4.018,4.576
0,5.189,15.568,23.353,18.163,7.784,10.379,7.784,10.379,28.542,0,12.974,28.542,0,12.974,7.784,23.353,33.732,7.784,5.189,-2.804,2.79,-15.778,-12.722,3.44,-14.514,-23.164,-22.098,-1.047,2.546,-0.976,-14.065,8.446,11.472,-11.377,0.407,-12.205,-15.481,6.804,6.957,-29.013,-35.447,10.326,12.352,6.25,19.705,-24.024,-16.253
2.816,2.346,2.816,8.447,4.223,5.631,2.346,1.408,2.346,6.57,0.469,3.285,4.223,5.162,7.977,5.631,6.57,9.855,2.346,3.754,-4.667,-3.819,1.936,4.523,-6.339,-3.736,0.932,-0.966,-3.337,-3.716,5.957,3.912,2.703,6.484,-3.474,0.053,-2.443,-2.569,3.797,3.313,1.047,4.915,-3.071,-3.69,5.572,5.537,-0.299,3.226
5.893,2.357,5.893,8.25,2.357,7.072,5.893,2.357,4.714,11.786,1.179,1.179,8.25,5.893,4.714,3.536,10.608,8.25,4.714,4.714,-6.049,1.491,3.504,1.429,-6.725,-3.032,6.314,3.767,0.968,6.203,0.313,-6.622,-8.46,-6.41,5.886,-3.238,0.359,0.301,1.665,0.551,4.117,11.441,-0.851,-4.952,-11.186,-4.276,1.072,2.809
3.311,2.207,6.622,6.622,4.414,2.207,5.518,7.725,9.932,3.311,5.518,4.414,9.932,5.518,3.311,6.622,8.829,5.518,2.207,5.518,-6.59,-1.252,-0.716,2.864,-1.428,-1.642,-4.402,-4.718,2.813,6.681,-0.599,-3.316,1.613,4.159,4.379,7.609,2.184,4.143,0.081,-7.213,-9.157,-6.532,-2.229,-1.526,2.663,-1.336,3.6,0.61
4.977,2.133,2.844,3.555,7.111,4.977,0.711,0.711,2.844,10.666,0.711,3.555,4.977,3.555,4.977,9.244,4.977,4.266,1.422,2.844,2.421,3.286,2.464,3.635,3.825,5.312,-3.114,-1.532,-1.371,-1.258,2.268,-0.26,-4.591,-5.274,-4.697,-2.298,-1.623,-2.08,-1.799,-0.964,7.306,7.776,-3.647,1.134,4.208,3.355,2.987,3.47
2.816,1.408,3.661,7.885,1.408,3.661,0.563,1.408,3.098,1.69,1.126,1.69,1.971,0.282,0.845,3.098,2.253,3.098,0.282,1.126,-1.798,5.197,0.825,5.667,-1.123,0.139,0.973,6.566,0.675,6.461,0.905,4.341,-1.94,2.55,-0.161,2.803,0.422,3.208,1.054,5.743,-0.606,2.53,-2.081,1.048,-1.205,3.726,2.786,7.928
3.8,0.95,2.85,8.551,2.85,4.75,6.651,2.85,5.701,3.8,1.9,1.9,2.85,4.75,4.75,12.351,11.401,8.551,0.95,2.85,-5.741,-2.384,4.109,9.748,-2.525,-5.486,-5.43,-0.547,-7.606,-8.376,4.082,1.701,-6.398,-1.557,-1.358,1.143,6.907,10.95,-2.34,-3.16,10.355,7.249,-3.699,-3.612,1.065,7.521,0.166,0.212
11.248,1.5,5.999,3.749,3.749,9.748,2.25,5.999,3.749,2.999,1.5,10.498,5.999,4.499,4.499,11.998,10.498,5.249,4.499,4.499,-1.763,-0.931,-1.944,0.159,2.731,-0.163,-6.557,-5.435,-3.54,-6.314,3.632,1.32,-2.247,-3.671,-1.363,1.394,-4.658,0.319,0.958,0.223,7.284,3.724,-3.124,-5.954,3.79,3.626,2.524,1.256
9.534,0.578,10.4,2.022,7.511,8.089,2.6,5.489,5.778,7.222,2.889,11.267,3.756,2.889,3.756,8.667,9.822,5.489,2.022,5.778,-2.107,-3.854,-6.049,-6.459,0.375,0.652,2.514,3.021,-1.38,-1.437,-3.004,-3.699,-3.358,-0.074,2.13,1.301,-0.455,0.001,3.118,0.786,0.518,1.35,0.135,0.231,0.928,1.645,-1.211,-1.179
15.972,4.792,14.375,14.375,14.375,11.18,12.777,9.583,11.18,15.972,0,4.792,4.792,4.792,7.986,6.389,4.792,11.18,1.597,3.194,0.564,5.387,-3.545,-9.094,24.844,17.699,-1.414,3.682,-19.759,-23.543,11.703,15.851,-7.636,-3.905,-14.911,-7.249,5.958,6.949,-4.145,4.124,-15.9,-12.295,-11.229,-7.496,-8.938,-5.963,-6.568,-7.262
15.264,1.696,8.48,10.176,10.176,10.176,1.696,15.264,13.568,3.392,3.392,11.872,3.392,1.696,3.392,15.264,18.656,15.264,0,10.176,-8.697,4.119,18.755,12.726,-8.892,-13.018,-2.35,-11.198,-13.538,-13.694,-5.275,-8.573,-11.575,-5.686,-4.135,-4.753,6.543,5.54,7.011,-5.695,-8.129,-6.96,2.791,-3.629,0.983,7.67,-5.163,1.834
22.105,2.763,6.908,4.145,2.763,15.197,0,5.526,11.053,6.908,1.382,13.816,4.145,4.145,1.382,9.671,13.816,13.816,5.526,2.763,-12.042,-8.059,5.52,3.974,-3.119,-3.112,-6.383,-10.366,-10.509,-7.137,8.388,4.882,3.877,-0.389,3.056,-2.998,2.141,-6.559,1.465,-0.005,-8.537,-2.18,-1.382,-2.891,2.949,7.47,-4.149,-1.733
3.625,0,7.249,4.531,3.625,7.249,1.812,11.78,1.812,7.249,0.906,9.062,10.874,3.625,8.155,6.343,2.718,7.249,0.906,0.906,-7.407,-3.954,7.247,4.633,-3.779,-1.324,3.739,5.248,10.816,6.754,-8.471,-7.563,-3.025,-1.557,-12.204,-9.184,7.46,3.507,2.136,3.392,-4.255,-4.918,-1.332,-0.288,-2.855,-1.296,10.031,8.774
10.192,2.548,3.185,1.274,1.274,10.192,1.274,1.911,1.911,2.548,0,1.274,3.185,3.185,0,5.733,10.192,10.192,0.637,0.637,-2.239,-2.215,3.826,0.853,-0.032,-0.748,3.53,0.271,-0.408,-0.892,6.31,1.889,-0.91,-0.31,4.313,1.089,-1.66,-4.053,3.725,2.709,-0.919,-1.041,4.908,1.286,-0.33,0.508,6.296,2.906
5.421,1.479,5.421,3.943,2.464,13.307,3.943,3.45,4.436,4.436,0.493,4.436,1.971,1.479,1.479,4.436,3.45,7.393,0,0.493,-1.959,0.522,0.857,1.191,-1.058,1.746,0.78,2.873,-4.513,-4.538,-0.701,0.652,2.616,5.075,-1.541,1.72,4.967,3.725,2.639,3.98,0.074,1.826,2.273,2.805,-4.252,-4.292,3.624,4.98
10.088,0,5.765,5.765,1.441,11.53,0,10.088,4.324,5.765,0,2.882,10.088,1.441,7.206,14.412,17.294,12.971,1.441,8.647,-9.39,-10.885,9.026,7.841,-5.007,-2.321,-8.717,-0.847,-1.918,-4.685,-6.961,-5.501,8.622,3.766,4.065,-1.37,10.586,7.179,-7.977,-5.749,1.909,-3.489,-12.202,-8.763,4.04,-0.327,0.942,6.984
3.096,0,7.741,6.193,1.548,3.871,0,6.193,3.871,5.419,0.774,2.322,3.871,1.548,3.096,4.645,9.289,3.096,0.774,2.322,-3.16,-2.114,1.106,5.806,-3.342,0.022,-1.5,1.695,-2.253,-1.678,3.381,2.773,-2.628,-2.385,-3.338,-5.122,6.813,13.507,3.69,-0.29,4.515,4.596,2.506,5.201,-2.714,2.148,0.33,2.765
11.065,2.213,6.639,3.32,5.533,3.32,3.32,7.746,4.426,2.213,1.107,6.639,8.852,6.639,2.213,11.065,9.959,6.639,3.32,3.32,-4.931,-4.07,0.296,3.296,-5.815,-2.481,-0.245,3.246,1.693,-1.247,1.896,0.405,1.388,1.177,-5.857,-2.659,-4.909,-2.337,3.522,2.606,0.65,3.268,4.08,0.081,4.136,1.032,-4.192,-3.572
0.75,4.499,2.999,7.498,4.499,2.999,2.25,3.749,3.749,1.5,0,2.999,4.499,2.25,2.999,6.749,6.749,3.749,2.999,2.999,1.964,3.828,0.359,-2.078,0.395,-0.233,1.105,0.704,0.288,-1.461,2.171,1.9,1.179,3.327,-2.941,0.69,3.013,2.371,2.296,5.603,0.954,1.959,-2.105,-0.571,6.817,2.429,-2.209,-2.238
3.375,0,4.219,7.595,0.844,3.375,0.844,4.219,5.907,8.439,2.532,5.063,5.063,3.375,4.219,5.063,5.063,9.283,3.375,5.063,-9.112,-11.708,16.08,13.444,-1.16,0.218,6.299,9.14,6.779,-4.236,8.779,7.774,-3.601,-3.237,3.253,8.085,-6.426,-4.192,1.247,1.58,2.505,-0.867,-5.075,3.796,-1.787,-6.702,-11.92,-5.875
4.556,2.278,5.695,10.251,4.556,3.417,0,3.417,9.112,6.834,0,7.973,6.834,3.417,1.139,9.112,18.224,9.112,3.417,7.973,-9.17,-11.313,-5.628,3.427,-1.087,-2.856,1.729,9.063,0.074,-6.605,-3.295,-0.96,-2.973,3.124,2.778,3.751,-0.6,-4.56,-2.589,-3.503,-1.274,-0.023,-0.635,0.419,8.95,5.422,1.355,-0.337
12.115,0,8.48,8.48,4.846,3.634,0,12.115,10.903,14.538,2.423,7.269,13.326,8.48,10.903,10.903,9.692,7.269,1.211,3.634,-3.006,4.935,4.627,8.143,-8.836,-2.658,-8.295,0.011,-10.025,-9.675,-8.348,0.375,-4.758,-5.026,-2.578,-6.487,2.393,5.443,-2.494,-0.094,-4.537,-2.328,-8.273,-7.141,6.208,6.971,3.4,1.829
2.429,0,5.344,6.802,4.858,7.287,1.457,2.915,7.287,6.802,1.943,2.429,3.887,2.915,1.457,3.887,3.401,5.83,0.486,2.429,0.432,-0.717,1.532,4.172,2.602,3.871,3.917,6.055,-0.176,4.601,-1.263,4.453,-2.389,-2.552,-1.712,-1.971,3.794,5.258,0.69,0.957,-1.392,-1.355,1.039,2.999,-0.245,-0.644,-3.716,-2.089
2.506,2.506,6.265,8.771,6.265,2.506,5.012,8.771,11.278,7.518,2.506,6.265,11.278,6.265,3.759,7.518,10.025,7.518,2.506,5.012,-9.567,-3.611,-0.427,2.428,0.879,0.435,-13.1,-13.15,4.31,7.268,-5.969,-6.842,5.127,6.909,9.877,12.678,3.756,6.53,1.739,-6.852,-14.135,-17.157,-5.009,-2.923,3.901,-3.061,6.433,5.48
4.597,1.642,2.627,1.313,2.627,6.895,0.985,1.642,3.94,5.253,0.985,2.627,3.94,2.298,2.955,10.179,5.91,7.88,1.642,3.612,0.446,2.565,0.519,1.347,4.417,0.447,0.269,0.025,2.817,2.045,-1.556,-2.349,-2.285,-3.519,0.205,1.073,1.131,0.769,2.075,-1.254,3.658,3.432,1.533,1.217,3.57,1.337,1.672,0.845
6.967,0.995,6.967,7.962,6.967,9.953,1.991,5.972,5.972,5.972,1.991,5.972,4.977,0.995,0,11.944,1.991,8.958,0,1.991,-0.541,2.305,1.941,3.286,-10.389,-12.337,-5.39,-8.443,0.094,-1.875,3.281,1.411,5.895,6.78,2.727,6.616,-1.453,1.724,2.555,4.66,1.109,-3.029,6.907,3.362,-1.074,-3.255,-2.449,-2.952
7.251,0.725,7.251,3.626,3.626,8.702,2.175,2.175,9.427,6.526,5.076,2.901,5.076,3.626,2.175,2.175,3.626,10.877,0,2.175,-0.667,0.797,0.549,-0.056,4.733,4.59,-5.136,-3.873,2.222,0.723,-2.804,2.593,-4.556,-1.972,5.588,8.004,-5.406,-1.274,-1.193,0.192,2.337,-0.856,-1.361,-4.724,2.081,3.572,4.596,2.108
16.852,1.296,6.481,11.667,5.185,9.074,6.481,5.185,10.37,5.185,6.481,2.593,9.074,1.296,2.593,3.889,10.37,15.556,1.296,5.185,-0.897,-2.38,2.409,-0.018,-6.62,-11.59,-2.969,-8.462,4.471,7.442,5.669,-1.433,0.4,5.458,-5.736,-10.876,-1.663,1.988,1.581,9.767,-0.01,1.829,0.382,0.212,-14.691,-14.091,0.299,3.422
11.557,2.476,7.429,5.778,3.302,9.906,4.127,2.476,10.731,5.778,5.778,3.302,1.651,3.302,0.825,6.604,7.429,9.08,1.651,3.302,-4.291,-0.958,-5.386,-1.223,-5.749,4.003,-0.461,-1.013,3.024,0.499,-0.257,-1.181,-0.607,1.467,1.124,3.836,6.476,-1.632,-0.78,-2.133,-6.031,0.183,-4.532,-5.589,-2.784,-2.272,11.03,8.748
6.661,3.331,2.22,1.11,6.661,14.433,2.22,4.441,6.661,4.441,2.22,8.882,5.551,4.441,3.331,7.771,5.551,9.992,2.22,4.441,-3.537,0.832,6.885,1.885,4.526,6.378,-3.982,-5.269,0.498,-1.836,3.92,5.176,-3.123,2.233,4.802,3.581,-10.098,-5.675,-0.292,-2.79,0.619,-4.138,-3.311,-4.752,2.757,0.019,1.505,-3.393
5.49,1.568,3.137,5.49,5.49,11.763,4.705,7.058,3.137,4.705,2.353,7.058,7.058,4.705,3.137,4.705,6.274,7.058,3.137,3.921,-0.372,0.716,3.073,2.082,-4.821,-4.68,-0.309,1.273,1.258,1.313,-3.7,-6.714,4.569,0.515,-5.19,-3.443,-6.631,-0.989,-5.49,-1.255,0.597,-1.237,6.676,6.377,6.595,2.974,3.294,1.57
9.011,2.079,7.625,5.545,4.852,8.318,4.159,9.704,6.238,12.477,0.693,8.318,11.091,5.545,5.545,14.556,9.704,6.238,3.466,7.625,-7.916,-5.181,8.862,6.763,-4.683,-5.431,0.832,-1.852,-3.938,-2.743,-2.816,-2.356,-2.605,-4.606,0.617,1.149,-5.066,-0.788,-2.353,-5.365,0.262,1.236,-5.003,-4.647,2.273,2.169,-1.417,1.813
5.914,0.91,4.095,5.459,5.004,7.734,4.095,5.459,5.914,7.734,2.275,8.644,9.554,1.82,2.73,2.73,4.549,8.189,2.275,3.185,-1.848,-1.53,-0.506,0.988,-2.331,-0.981,2.559,1.574,-2.929,0.154,-0.276,-0.325,6.876,4.048,2.732,0.261,1.061,-0.022,-3.045,-0.8,-1.023,-0.391,0.137,0.312,2.036,-0.419,-3.264,-1.314
5.813,0.581,4.069,5.813,3.488,7.557,4.651,4.069,4.069,6.976,3.488,4.069,6.395,1.163,2.907,1.744,8.139,10.464,0.581,1.163,-4.942,-1.682,2.668,4.409,-1.925,-1.695,-1.033,-4.456,3.357,0.984,-1.67,-2.414,6.948,4.895,1.003,0.434,-3.214,-0.38,-1.714,1.971,3.837,3.281,3.795,2.493,-1.474,-0.237,-0.212,-0.227
7.082,0.817,7.627,4.086,5.992,7.627,3.541,6.265,4.086,9.533,2.996,5.448,7.627,5.992,6.809,7.627,9.261,5.992,1.634,5.992,-3.988,-2.263,-4.995,-3.146,-2.156,-1.247,0.22,0.282,2.199,3.298,4.51,-1.122,1.352,0.7,-2.103,1.149,1.045,1.074,-3.169,-2.751,3.735,2.886,-2.494,-2.733,0.394,-0.751,-3.825,-2.135
8.787,3.661,7.322,1.464,8.787,7.322,2.197,5.126,5.126,10.251,2.197,8.054,7.322,4.393,3.661,11.716,11.716,13.912,0.732,4.393,-3.419,-0.965,-1.17,-0.653,-4.241,-6.545,3.356,-1.413,-2.055,-5.678,-3.989,-1.061,0.424,-3.822,-0.061,-0.401,7.034,7.676,-2.76,-2.78,-0.496,2.827,-1.719,-3.951,5.841,5.391,-5.429,-8.079
6.637,0.442,3.982,1.77,3.097,6.195,1.77,6.637,3.54,6.637,2.212,8.407,1.77,5.31,5.752,5.752,7.965,5.752,0.885,1.77,0.767,2.455,-1.21,-3.831,-0.021,-1.379,-1.833,0.164,6.589,2.085,-3.293,-1.577,2.939,1.89,-2.416,1.782,5.189,1.471,6.5,2.671,5.612,1.401,-2.153,-2.122,-1.579,-1.06,-2.14,-3.188
7.509,1.073,1.609,2.145,1.073,4.023,0.536,3.486,3.218,5.9,2.145,3.486,4.559,2.682,4.291,4.559,7.777,6.168,1.073,2.414,0.839,-0.694,1.751,1.198,4.486,2.057,3.737,3.046,1.01,0.28,3.158,1.13,3.008,0.904,3.134,2.684,-1.222,-2,0.628,-0.545,0.588,-1.224,0.937,3.064,-2.505,1.435,-0.558,-0.053
7.914,0.833,3.332,1.666,2.707,8.33,0.625,2.499,2.916,9.788,0.625,5.206,3.124,2.707,3.957,6.248,7.289,8.33,0.417,2.083,4.178,1.849,2.062,-0.797,-0.492,0.291,1.137,-0.436,1.169,-0.137,1.994,0.328,4.463,1.252,1.603,1.542,-1.225,0.349,2.476,1.912,2.851,1.996,1.349,2.355,-3.498,-2.474,-4.563,-2.132
4.8,0.632,1.769,1.137,2.653,3.032,0.253,2.021,1.137,2.527,1.011,3.411,3.664,2.274,3.285,3.032,3.664,4.295,0.505,0.758,3.904,0.273,3.377,1.129,4.233,1.564,4.165,1.526,5.029,2.139,1.615,0.841,2.938,0.933,1.989,0.58,4.846,1.13,2.133,1.018,0.701,0.852,0.896,0.898,1.602,0.22,2.9,0.713
11.814,1.39,4.865,6.949,2.78,6.254,4.865,5.559,5.559,11.814,2.085,5.559,9.729,4.865,8.339,4.865,15.984,9.034,0.695,6.254,-2.156,-3.871,-3.563,0.633,0.817,-3.106,-1.239,0.648,-3.633,-2.989,-8.894,-0.016,-0.907,-2.611,-0.184,-3.056,-5.096,-2.799,7.388,7.923,1.469,0.091,-2.662,-1.097,-7.694,-6.738,7.069,7.018
8.497,2.124,5.665,7.789,7.081,10.622,5.665,4.249,4.957,12.038,2.832,7.789,7.789,5.665,6.373,7.789,16.287,16.995,2.124,6.373,1.044,-1.695,0.051,-3.747,-3.267,-4.231,-2.887,-3.625,6.95,5.118,8.791,6.58,-9.643,-7.025,-1.472,-3.598,-7.469,0.268,-4.686,-5.39,3.657,2.536,-12.709,-9.844,-6.22,-3.687,3.045,4.451
6.419,0.778,5.446,4.474,5.446,7.586,2.14,5.057,3.89,6.613,2.334,9.531,7.975,5.057,4.085,5.252,10.504,7.002,2.723,4.279,-3.315,-2.077,-1.99,1.036,-4.372,-5.051,1.35,-0.669,-1.293,-1.677,0.825,2.369,-1.612,-2.861,1.43,1.172,1.729,-2.21,-1.112,1.443,0.238,0.345,2.919,4.061,-1.505,-1.293,2.478,3.049
7.706,1.101,5.504,5.137,3.67,4.77,3.67,5.137,6.238,5.504,1.835,5.504,5.871,2.569,4.77,8.44,8.073,7.706,1.468,5.504,-3.748,-2.004,2.337,3.482,2.031,3.316,-4.585,-1.551,-4.795,-3.766,0.733,1.022,-5.824,-6.742,-0.444,-0.789,-0.784,0.875,5.201,3.48,-1.597,-1.139,7.037,5.971,0.837,-1.919,1.238,1.95
4.934,2.277,4.175,3.036,3.416,7.211,3.036,6.072,3.795,7.211,2.277,6.072,6.452,3.036,2.657,7.97,9.488,9.108,1.518,3.036,-0.641,-1.01,0.589,-0.002,3.164,2.049,-2.134,-2.313,3.003,0.022,0.224,0.242,2.607,4.132,1.543,-0.45,-0.939,-0.083,-1.199,-1.448,-4.49,-5.515,2.13,3.645,1.505,0.517,-0.517,-1.408
4.573,0.915,5.03,3.658,4.116,7.774,2.287,6.86,2.744,12.347,2.287,4.116,8.231,5.945,4.116,7.774,13.262,5.488,1.829,4.573,2.311,2.274,7.302,3.565,-0.985,-1.014,2.743,2.052,-1.56,-1.293,6.898,4.109,-6.077,-4.834,-5.325,-5.974,-0.175,-2.067,-1.017,-2.468,0.363,1.092,-1.67,1.145,-4.517,-1.63,0.818,-1.99
6.062,2.021,5.254,4.85,8.083,8.083,1.617,2.829,5.254,7.275,0.808,5.254,10.508,3.637,3.637,8.891,9.7,8.487,1.617,4.446,-0.216,-2.611,5.655,4.363,-0.124,0.424,-3.799,0.631,-6.803,-8.743,-4.751,-2.367,-5.223,-4.703,-1.27,-0.467,-0.153,-2.223,5.078,4.424,3.924,4.942,3.062,1.394,0.398,-1.241,0.567,1.516
5.737,0.675,4.05,3.037,3.375,5.062,3.037,2.362,2.025,6.75,1.012,4.725,4.725,4.387,4.725,6.075,9.112,7.762,2.362,3.037,-1.276,-2.244,0.514,0.181,-0.892,-2.493,-0.827,-1.349,1.651,2.593,2.614,5.1,-0.493,-0.085,1.014,0.922,0.967,1.723,2.082,1.322,-0.414,-1.334,3.047,2.177,3.541,-0.082,-1.49,-0.509
9.1,1.241,2.895,1.655,4.55,5.791,0.827,5.377,4.136,6.205,2.895,3.723,9.514,3.723,2.068,7.446,10.341,7.032,2.068,4.964,-0.314,-0.62,1.843,-0.162,-2.119,0.352,0.156,0.903,0.902,-1.228,3.481,-0.623,2.397,-1.656,0.981,0.916,-2.737,-0.535,-1.838,-0.341,-0.265,-0.17,4.192,2.012,-0.109,-3.025,2.151,-0.093
6.647,0,4.985,0,4.985,8.309,0,3.324,1.662,8.309,3.324,8.309,0,6.647,0,11.633,3.324,0,1.662,4.985,5.256,0.42,-4.197,-4.611,1.884,-3.024,9.161,8.748,8.415,4.602,0.869,-2.292,-1.985,1.312,3.834,0.596,5.097,1.748,-6.591,-9.951,1.622,3.087,1.275,-1.835,2.579,2.131,-1.118,-5.135
8.389,0,7.098,3.226,8.389,7.744,1.291,6.453,7.098,5.162,0,9.679,4.517,3.872,2.581,9.034,15.487,10.325,1.936,4.517,0.939,1.69,3.565,3.144,3.892,-1.983,-1.984,-2.986,-1.798,-0.381,-5.893,-5.001,-3.902,-4.663,0.531,1.33,-8.981,-4.756,-2.242,-3.625,3.227,0.116,-1.839,0.197,6.168,3.5,1.328,3.608
8.572,1.429,8.572,5.715,9.286,18.572,2.857,5.715,10.001,7.143,2.143,13.572,5,2.857,1.429,10.715,13.572,7.858,5.715,12.143,-12.105,-14.244,1.8,-1.62,-1.835,3.076,1.237,2.305,1.261,1.477,-5.462,-13.356,-1.617,-1.01,0.383,3.816,-1.076,-4.673,4.815,-3.158,-0.748,0.714,0.539,-1.743,0.915,1.163,-5.562,-8.158
12.73,5.875,7.834,7.834,9.792,10.772,1.958,4.896,7.834,13.709,0,12.73,5.875,2.938,4.896,6.855,2.938,8.813,0.979,1.958,-16.042,-10.04,20.014,14.324,-13.317,-8.484,-2.51,-2.428,-15.303,-14.036,-0.956,-3.467,-8.533,-3.792,14.554,5.828,-3.271,1.774,10.211,12.691,-0.919,-1.611,3.123,5.192,-9.285,-3.222,-0.733,-0.981
4.307,1.077,4.845,6.999,5.384,8.075,2.153,6.999,5.922,10.767,0.538,4.307,6.46,4.845,4.845,9.152,4.307,9.69,2.692,6.46,-0.795,0.131,-2.736,-5.28,-4.112,-2.429,-1.005,-1.059,-7.853,-7.625,3.467,-2.255,4.524,3.87,-5.673,-7.688,-2.662,-0.614,14.254,12.333,-6.356,-2.132,1.885,-1.224,4.789,2.975,1.183,2.261
7.355,5.449,6.538,5.449,4.086,13.894,1.09,2.724,3.542,6.538,1.635,8.173,5.176,4.904,1.907,13.621,12.532,5.721,2.452,5.449,-3.998,-5.391,0.661,-0.863,-1.884,-2.506,-1.802,-3.003,1.352,3.483,-2.751,-0.242,-0.438,-1.039,-2.815,-2.568,3.143,3.52,0.113,-0.301,1.376,2.537,2.276,2.808,-2.632,-1.304,-2.856,-3.11
5.253,0,4.086,1.167,2.335,14.592,1.167,3.502,2.918,2.335,1.167,10.506,3.502,2.918,4.086,10.506,14.592,8.172,6.421,8.755,-2.949,-1.466,-0.752,-2.366,-1.234,2.782,-1.43,-2.863,2.371,1.465,2.184,2.23,-6.425,-5.736,-1.965,-3.268,1.408,-0.14,2.163,0.292,3.507,5.142,-2.44,-3.654,3.15,1.795,0.166,0.053
8.84,0,0,12.376,7.072,5.304,3.536,1.768,1.768,7.072,0,1.768,3.536,0,1.768,12.376,8.84,8.84,3.536,3.536,-3.993,-5.998,-4.922,-7.415,-1.902,-1.102,6.155,-3.683,1.57,4.648,3.712,-2.542,3.638,0.115,7.215,2.613,-3.445,-4.435,11.795,3.993,-7.384,-10.697,-2.564,-5.106,5.696,12.251,11.564,-1.713
7.576,0,9.47,11.364,5.682,7.576,1.894,3.788,3.788,9.47,0,3.788,3.788,1.894,3.788,9.47,9.47,7.576,3.788,7.576,-4.186,-0.245,7.07,12.128,5.734,-3.093,-11.535,-14.404,1.867,0.19,5.231,10.356,-9.969,0.161,13.766,17.334,-6.161,-9.975,-9.228,-4.056,2.909,4.079,-17.475,-18.789,9.186,12.879,1.545,-7.07
5.273,0,10.545,8.788,1.758,5.273,0,1.758,14.061,12.303,3.515,5.273,3.515,3.515,3.515,3.515,7.03,10.545,3.515,5.273,8.643,9.664,-0.583,-6.734,1.175,4.845,-5.455,5.533,-3.325,3.003,-11.209,-13.452,-13.765,-12.633,-3.612,-0.436,-10.282,-5.963,7.965,7.282,15.167,22.355,-1.129,2.808,-5.877,-7.428,2.24,2.234
4.944,0,7.416,12.36,2.472,13.597,1.236,4.944,3.708,8.652,1.236,3.708,2.472,2.472,6.18,3.708,4.944,3.708,1.236,8.652,-0.184,5.747,7.892,10.383,9.35,7.838,-9.244,5.702,5.325,4.975,-4.727,-6.142,-7.824,-2.489,-1.814,-3.375,-4.61,-11.687,-3.747,-2.981,-0.455,-2.386,-9.893,-8.802,5.7,6.066,1.838,11.896
7.852,1.963,7.852,13.742,7.852,13.742,1.963,7.852,13.742,5.889,1.963,5.889,5.889,7.852,5.889,5.889,3.926,7.852,5.889,5.889,6.166,11.84,-10.427,-2.646,-12.69,-20.545,-0.439,-2.847,1.26,10.83,5.541,7.36,-16.145,-11.813,5.78,-6.386,-9.971,-16.715,-4.923,11.925,-7.526,16.012,-8.025,3.561,7.111,-0.942,7.714,-2.438
12.775,3.65,5.475,7.3,3.65,10.95,1.825,9.125,12.775,3.65,1.825,7.3,7.3,5.475,3.65,5.475,7.3,10.95,3.65,5.475,6.877,7.105,-1.085,3.769,-9.797,-15.458,-7.285,-9.003,6.819,-5.381,-1.089,2.996,0.073,2.545,-6.742,-0.701,-11.61,-8.85,2.599,8.055,1.253,2.399,10.521,17.041,-7.25,-5.558,-5.732,-6.089
3.943,1.971,7.886,7.886,9.857,7.886,0,5.914,5.914,7.886,0,13.8,7.886,5.914,5.914,3.943,3.943,5.914,3.943,3.943,10.082,7.033,-0.831,1.906,-12.969,-10.705,-17.263,-15.175,-8.1,-1.713,-7.172,-7.687,-1.893,7.702,-2.5,-2.23,5.244,0.58,6.09,6.025,10.092,7.769,7.46,9.811,11.573,-0.568,-8.96,-7.942
8.399,0,4.2,10.499,6.299,18.898,2.1,12.599,10.499,6.299,0,12.599,2.1,0,6.299,12.599,4.2,16.798,2.1,8.399,-3.526,0.618,-6.02,1.079,7.475,-3.173,-18.1,-15.167,10.325,-1.008,-3.523,0.035,-4.11,2.296,5.204,7.876,-5.503,-0.483,3.373,4.635,-3.002,-0.208,-8.786,-13.906,4.351,-0.172,-0.276,-5.19
2.154,0,2.154,4.308,1.436,5.026,0,2.154,9.335,2.154,1.436,0,0.718,2.154,1.436,2.154,2.154,3.59,0.718,1.436,-4.545,0.988,-2.695,3.101,4.045,5.203,0.026,2.44,-5.371,-0.627,2.981,4.952,1.393,5.279,-2.544,0.565,4.346,7.096,-1.055,3.721,-3.415,0.433,3.667,6.209,0.727,3.121,6.466,8.974
4.172,1.669,3.338,6.676,1.669,2.503,0.834,10.013,8.345,4.172,3.338,5.007,2.503,4.172,3.338,6.676,10.013,3.338,0.834,3.338,0.36,1.524,-1.737,-1.144,-0.958,1.518,-8.751,-2.242,-7.691,-9.031,3.019,0.162,-1.596,1.526,5.64,5.288,-7.946,-4.893,5.769,7.596,2.853,6.54,3.488,5.403,3.397,3.114,3.543,-0.702
3.34,3.34,8.351,5.011,6.681,10.021,1.67,5.011,8.351,8.351,1.67,8.351,1.67,3.34,3.34,5.011,16.702,10.021,1.67,3.34,-5.745,-1.831,3.093,-2.347,-16.372,-9.9,3.752,-2.193,15.501,17.774,-2.593,-3.171,-1.746,0.638,-15.899,-4.956,2.886,8.882,10.897,21.637,8.904,3.533,-7.838,-8.617,-13.897,-9.244,-3.066,-3.326
18.66,5.741,8.612,5.741,2.871,8.612,2.871,7.177,4.306,12.918,4.306,2.871,4.306,5.741,11.483,12.918,11.483,10.047,0,17.224,0.255,2.761,-3.894,-7.651,0.092,-2.479,1.007,1.288,-4.777,-4.272,-12.578,-7.524,13.13,9.767,8.076,9.262,0.835,-6.431,-1.556,-2.708,-3.187,4.975,-15.196,-6.254,-4.845,-10.66,-5.102,-10.222
10.673,4.743,4.743,5.929,5.929,8.301,1.186,2.372,9.487,11.859,9.487,1.186,13.044,4.743,7.115,7.115,5.929,14.23,0,2.372,-1.995,-5.9,-6.701,-0.138,-2.654,-1.074,-0.157,-1.773,-4.561,-5.368,-5.318,-0.277,9.649,1.539,-7.861,-2.228,1.474,4.62,-0.479,-1.315,8.393,2.287,-3.785,0.54,-10.593,-10.634,4.006,9.859
11.807,5.903,7.379,8.855,7.379,10.331,4.428,4.428,7.379,22.138,2.952,4.428,7.379,4.428,4.428,8.855,10.331,4.428,1.476,5.903,-7.388,-6.702,4.719,-1.908,-12.146,-10.067,7.863,5.198,4.036,2.304,-5.421,-1.597,-2.476,-0.935,-10.051,-4.998,2.743,-0.108,-1.718,-0.904,3.528,2.372,-4.299,-9.79,2.785,-4.221,1.667,2.879
5.525,0,2.763,5.065,1.381,4.605,1.842,2.302,9.67,5.065,1.842,2.302,2.763,2.302,2.302,1.381,3.684,4.144,0.46,3.223,-1.908,1.757,-2.926,0.014,3.593,3.668,1.85,5.402,3.581,4.369,-3.592,0.286,2.547,5.955,0.515,2.226,-3.909,0.009,3.152,4.37,-1.216,1.672,-4.112,1.136,0.07,-0.121,4.7,4.29
1.476,0,7.378,5.903,2.214,4.427,2.214,8.116,11.068,8.116,0.738,5.165,5.165,2.951,1.476,8.116,8.116,1.476,2.214,4.427,-11.457,-7.195,4.2,2.868,-4.24,0.198,6.657,5.352,-6.86,-9.59,-2.015,-0.789,2.165,6.68,-5.792,-2.447,-3.851,-4.912,0.56,6.489,3.776,6.715,0.972,4.483,2.368,4.722,5.473,4.716
4.042,0,3.638,3.638,1.213,2.83,0.808,4.042,5.659,5.659,0.404,2.425,1.213,3.234,3.234,3.638,4.042,4.446,0.404,0.808,-1.473,2.999,1.2,-0.03,0.35,5.018,-0.937,2.894,3.145,3.794,-3.513,1.976,3.06,0.328,-1.505,3.855,-2.46,-1.478,-0.07,-0.179,1.396,3.423,3.353,2.33,4.944,5.022,3.529,3.651
8.396,0.382,8.778,7.251,4.198,6.106,2.29,10.304,10.686,6.488,0.763,6.488,7.633,2.671,2.29,4.961,7.251,5.343,2.29,4.198,-5.417,-1.793,-5.227,-0.844,3.038,5.576,-2.941,-0.523,-3.009,-3.8,-3.306,-4.439,-0.951,0.884,-6.664,-2.69,-5.568,-4.663,9.572,7.481,3.867,8.079,-5.237,-1.368,1.02,1.626,2.409,6.123
7.995,0.999,6.996,7.496,2.998,4.497,2.499,4.497,7.995,7.496,1.499,3.498,6.496,0.999,1.999,3.998,2.499,7.995,0.999,3.998,-4.796,-2.58,-1.001,-0.705,6.347,12.491,-4.984,-1.091,-3.288,-1.335,2.17,5.942,-4.639,-3.673,-0.725,0.274,1.336,0.506,-2.42,-3.837,2.615,8.845,-1.603,-1.359,-0.623,1.377,1.861,7.446
7.653,0,3.061,15.306,10.714,13.775,1.531,4.592,7.653,3.061,1.531,4.592,1.531,6.122,1.531,4.592,3.061,10.714,1.531,0,-7.3,-0.938,0.115,-1.167,7.708,3.745,-13.917,-12.157,-4.495,-9.167,5.447,0.756,-10.857,1.262,-0.056,3.412,0.66,1.517,0.219,-2.518,8.621,9.564,-0.691,5.091,-1.521,-3.565,8.989,8.691
5.317,1.329,3.988,5.317,3.988,9.306,1.329,5.317,7.976,13.294,2.659,2.659,7.976,7.976,5.317,9.306,5.317,10.635,0,6.647,-14.008,-8.057,4.804,1.735,-2.896,-3.793,-10.317,-3.271,13.266,0.827,-5.085,-0.367,4.524,0.645,4.246,1.367,-0.622,-1.138,3.66,-1.999,2.114,-0.193,-7.251,-1.785,11.31,6.928,-4.289,-6.012
2.531,0,2.531,3.796,0.633,1.898,1.898,2.531,8.858,2.531,1.265,0.633,1.265,0.633,4.429,1.898,3.164,7.593,0,3.164,-1.296,-0.174,-3.319,-5.682,6.278,8.693,-6.45,0.014,-2.033,-1.159,3.66,8.179,-1.028,1.121,0.205,0.284,3.454,6.03,-0.323,1.05,4.204,7.755,5.374,6.935,-2.032,2.397,3.099,3.508
3.415,1.366,4.781,6.148,4.781,9.563,2.732,4.098,8.197,12.978,0.683,4.781,4.781,4.098,3.415,6.148,5.464,2.732,0.683,4.781,4.033,9.717,2.818,-0.485,-5.786,-4.491,1.931,1.549,-1.704,-3.293,0.767,-6.062,-9.823,-9.418,0.889,3.851,-4.428,-1.114,1.549,4.56,0.653,3.05,6.523,7.69,1.39,5.114,-3.852,-1.255
2.184,0.546,3.821,6.005,4.367,3.821,1.638,4.367,8.189,7.643,2.184,4.913,4.913,6.005,2.184,8.189,2.184,6.551,0.546,2.73,-2.438,-0.609,4.6,7.36,-5.865,-3.638,1.081,0.673,8.591,5.51,-6.072,-4.34,-2.043,-4.591,-6.554,-4.23,-0.27,3.85,3.789,4.241,8.448,9.98,-0.797,1.993,-0.097,3.169,-4.019,-0.704
6.064,2.695,6.064,7.412,6.064,6.064,1.348,4.043,5.391,8.086,3.369,5.391,4.717,5.391,4.043,6.064,5.391,6.738,1.348,2.021,-1.298,4.665,7.194,5.092,3.406,0.942,-10.857,-7.423,6.957,-0.35,-0.196,2.091,3.519,-0.655,-3.205,-3.04,-3.868,-1.393,7.08,2.517,-3.361,1.858,0.734,6.594,2.591,-0.063,-11.524,-5.711
9.526,0.68,6.124,5.444,6.124,3.402,2.041,8.846,7.485,10.207,2.041,6.804,4.083,5.444,2.041,6.124,8.165,4.763,1.361,4.763,-2.429,0.044,-3.202,1.36,-1.561,1.272,-2.894,-8.085,-3.248,-3.145,-5.436,-4.728,-4.012,-4.308,0.86,4.54,2.817,2.919,3.72,8.047,0.876,4.18,0.558,2.001,4.347,2.236,-1.52,-0.678
3.582,2.985,4.179,4.179,0,7.761,0.597,5.373,4.179,4.776,2.985,5.97,1.791,1.791,4.776,7.761,7.761,4.179,2.985,5.373,-1.907,-1.578,-1.014,0.073,-2.867,-1.313,3.171,-0.781,-2.517,-3.539,1.766,0.51,0.964,-1.345,7.583,7.714,0.701,-0.327,-1.758,-1.618,2.03,2.271,-0.254,-2.614,4.059,2.273,3.28,4.051
3.626,3.626,9.066,0.907,2.72,8.16,0.907,6.346,7.253,9.066,4.533,7.253,3.626,8.16,1.813,13.599,6.346,5.44,5.44,4.533,6.379,7.106,2.147,4.97,-2.678,-3.115,0.69,0.661,-1.55,-6.928,-0.874,-4.447,-3.416,-0.415,-6.4,-5.785,-7.415,-2.725,2.834,-0.49,-0.619,-3.47,-0.841,-2.028,-0.333,5.295,5.952,5.072
3.072,1.756,5.267,6.583,2.194,6.144,0.878,2.633,5.267,7.022,0,1.756,4.389,4.389,3.072,5.705,3.511,7.022,1.317,3.511,-0.785,5.008,2.405,7.187,-1.08,-0.136,-2.069,0.452,-5.776,-4.604,-0.371,-1.391,-2.961,-4.204,-1.289,-3.262,2.731,2.254,1.442,6.279,2.609,5.8,5.641,11.801,0.503,0.71,-1.088,-1.296
5.378,1.076,6.453,7.529,5.378,13.982,33.343,6.453,9.68,7.529,1.076,2.151,0,1.076,1.076,8.605,6.453,6.453,0,3.227,-4.021,-2.851,0.39,-1.431,-7.178,-6.603,-1.902,-1.554,2.181,5.106,-2.604,-5.843,0.226,-0.003,1.375,-3.462,-1.962,3.908,-1.688,3.36,-0.991,0.476,0.277,0.211,-1.579,1.122,-2.28,0.405
13.16,2.82,6.11,2.35,3.29,16.921,2.82,4.23,2.35,6.11,1.41,7.99,6.58,4.23,5.64,15.041,11.28,6.58,3.29,3.76,5.228,5.498,1.409,0.728,2.907,2.947,1.264,-0.81,-5.045,-3.196,-2.307,-2.321,0.18,1.128,-9.904,-7.61,-5.227,-4.672,-2.06,1.476,-4.21,-1.394,-3.564,-1.943,0.799,2.503,1.815,0.416
10.515,2.214,2.214,1.107,2.767,17.71,1.66,4.981,0,5.534,0.553,6.641,2.214,3.321,3.874,11.622,11.622,6.641,0.553,4.427,-0.009,-0.754,-1.139,1.074,-2.368,-1.362,3.882,-1.162,-0.526,-1.902,-2.13,-1.648,1.723,0.66,9.84,3.427,1.649,-0.267,0.77,0.966,-4.379,-1.621,0.705,-1.36,-2.547,-2.589,1.655,-0.759
15.06,3.765,1.255,2.51,3.765,20.079,0.627,5.02,1.255,6.275,1.255,8.157,2.51,5.647,7.53,12.55,11.295,11.922,1.255,2.51,-4.171,-0.141,-3.122,-4.25,-1.324,-2.309,1.462,0.558,-4.428,-2.373,-3.605,-3.686,3.812,0.072,1.115,-0.818,-3.231,-1.556,-3.506,1.663,1.919,-1.389,4.111,2.479,3.472,-0.721,-1.826,-2.447
5.592,4.194,0,0,1.398,6.99,2.796,4.194,1.398,2.796,0,4.194,1.398,2.796,0,9.787,1.398,5.592,1.398,4.194,1.196,0.055,0.597,0.812,0.587,-1.898,2.7,2.277,2.259,2.484,4.076,4.151,-2.215,1.052,1.046,-0.777,2.58,-1.439,2.837,2.739,2.858,4.559,6.624,3.421,-0.522,0.489,0.409,-3.074
0.842,0.842,2.525,5.049,1.683,3.366,0,0.842,2.525,4.208,0,0,0.842,0,2.525,2.525,1.683,0,0,0.842,1.144,4.487,-2.492,1.034,-5.557,-1.237,6.281,10.558,4.38,7.106,0.654,1.636,-4.903,-1.977,-0.058,3.033,5.425,11.487,2.153,3.226,-0.881,2.349,-4.139,0.055,6.278,10.962,4.843,3.858
7.248,0,6.442,8.053,4.832,15.301,4.832,4.832,8.053,6.442,4.027,4.027,5.637,1.611,6.442,8.053,9.664,10.469,2.416,3.221,-10.743,-4.925,-1.363,4.42,-1.332,2.214,-4.197,-0.025,9.719,2.086,-10.933,-9.315,-4.498,2.286,-5.102,-6.197,-7.232,-4.208,16.633,10.287,-0.981,6.685,-9.683,-1.019,-2.129,-3.459,5.012,6.397
13.065,2.177,8.71,10.887,2.177,10.887,4.355,13.065,17.42,17.42,4.355,10.887,8.71,2.177,10.887,6.532,8.71,8.71,6.532,8.71,-6.522,7.969,-0.623,-13.056,-17.054,-16.003,-3.009,-8.828,-15.421,-1.575,24.057,7.75,-31.507,-9.732,5.608,-10.264,14.128,11.72,9.026,8.849,-5.914,8.245,-0.853,-3.115,-20.261,-12.004,2.02,-0.007
7.138,6.246,12.492,8.031,3.569,13.385,2.677,8.031,6.246,13.385,3.569,3.569,10.708,5.354,0.892,8.923,10.708,3.569,3.569,3.569,-5.218,-1.136,-4.745,-6.501,2.008,5.02,-0.203,0.906,-0.115,5.495,6.463,7.254,-2.567,-6.611,-6.912,-8.603,4.527,4.702,-2.22,-5.444,-2.679,-9.875,1.873,-1.881,-0.184,-1.436,-4.177,-3.368
5.208,5.208,7.811,6.51,5.208,16.925,1.302,6.51,10.415,6.51,3.906,5.208,7.811,5.208,10.415,9.113,3.906,14.321,3.906,6.51,-6.878,0.073,-10.233,-0.92,3.313,7.964,10.585,8.707,-2.226,6.657,-9.417,-6.415,-7.443,-8.871,-1.105,2.456,-11.968,-6.922,-8.296,-5.04,-3.696,2.353,-11.929,-9.878,3.533,3.726,15.072,4.89
7.411,3.176,8.469,5.823,6.352,5.823,1.059,3.176,5.823,6.352,2.117,5.293,2.647,4.235,6.881,5.823,4.235,6.352,2.117,3.705,-4.007,0.794,5.276,5.1,-2.5,-1.029,-5.623,-2.159,-6.726,-3.547,-1.559,-4.108,-2.429,-3.494,5.12,0.359,2.049,2.717,6.339,5.312,1.224,3.208,-7.355,-9.171,-1.162,4.322,9.102,7.077
7.009,3.505,8.761,10.514,4.381,13.142,5.257,6.133,17.523,5.257,0,9.638,5.257,1.752,0.876,10.514,6.133,17.523,4.381,14.018,-1.683,-1.717,-5.536,-4.907,0.367,4.219,-9.696,-6.498,-2.958,2.621,-8.178,-13.114,1.411,-3.176,-0.265,-5.297,-0.507,-7.628,-0.964,-0.265,-3.581,-12.032,1.519,3.639,8.965,14.859,-2.48,1.31
8.02,1.069,5.881,6.95,3.743,5.346,2.673,3.743,7.485,9.089,2.139,1.604,1.069,1.069,2.139,5.881,7.485,7.485,0.535,4.277,0.069,1.367,-3.965,-2.705,-0.966,-1.21,-3.384,-4.523,0.964,0.654,-0.177,-0.572,4.917,6.013,-2.411,-3.222,-0.731,-4.084,1.351,0.598,7.593,7.509,1.884,4.596,1.853,-0.502,-0.761,2.164
5.087,2.261,6.218,11.871,5.087,5.087,3.392,6.218,5.087,9.044,1.696,6.783,1.131,2.261,5.087,5.653,5.087,3.957,0.565,2.261,-1.384,8.462,-0.012,3.08,-0.853,3.348,-8.004,0.707,4.244,-2.481,-0.227,5.342,-7.237,-2.896,-4.499,-8.596,-2.058,-4.264,0.149,5.564,2.298,-0.451,-2.857,0.851,0.909,9.747,2.805,4.482
3.855,0,4.498,8.996,5.14,7.711,0.643,4.498,9.638,5.783,2.57,6.426,0,1.285,3.855,2.57,6.426,7.068,1.285,2.57,-2.389,-3.604,-7.573,-2.925,1.386,3.864,0.618,0.315,-0.594,-0.572,7.885,9.618,-3.502,-0.267,-1.094,3.813,5.101,8.085,-6.821,-3.226,2.056,1.23,-6.035,1.34,-0.089,0.488,4.92,3.153
5.567,1.591,8.749,6.363,4.772,8.749,0,6.363,11.135,4.772,3.181,3.181,0.795,1.591,5.567,7.158,8.749,12.725,1.591,1.591,2.092,0.198,2.364,1.058,-1.787,1.555,-0.879,8.098,-5.015,0.04,3.074,1.95,1.446,5.813,-3,2.475,4.798,10.322,-7.587,-3.522,-8.33,4.229,-11.671,-5.771,4.75,5.43,-9.076,-7.244
7.651,0,11.051,3.4,4.25,13.601,0.85,2.55,11.051,5.101,1.7,5.101,0.85,2.55,1.7,11.901,7.651,13.601,0.85,5.951,-1.062,0.011,-4.309,-7.332,-2.172,-4.076,-0.452,2.252,-7.133,-1.388,2.037,2.649,0.176,4.307,-3.771,-0.684,5.649,9.585,-1.929,-0.104,-2.167,0.396,1.423,2.908,-3.869,-2.953,0.033,0.613
3.94,1.97,3.283,11.164,3.283,5.253,0,4.597,8.537,6.567,1.97,4.597,2.627,1.97,4.597,4.597,8.537,9.194,1.97,1.313,-8.067,-4.431,-4.977,-1.052,-5.466,-4.009,1.481,7.03,4.865,1.36,0.837,4.956,-4.045,-0.279,-4.477,-0.722,11.193,8.644,1.117,7.024,-3.814,2.199,-7.134,-2.79,5.01,7.723,-3.164,1.025
8.339,0.927,11.119,6.486,8.339,12.046,1.853,4.633,10.193,6.486,4.633,5.56,3.706,4.633,1.853,4.633,6.486,8.339,0.927,4.633,-6.991,-0.995,-1.921,-0.748,-10.61,-7.353,3.968,1.369,1.159,-1.506,-6.921,-5.635,4.846,14.407,-0.756,-3.815,3.393,0.381,-0.167,2.886,-9.943,-6.898,4.53,9.171,1.93,4.925,-1.281,-3.251
9.066,0,2.015,2.015,3.022,12.088,1.007,6.044,4.029,1.007,1.007,6.044,4.029,1.007,1.007,5.036,13.095,11.08,1.007,3.022,-2.821,-1.459,4.609,0.034,-0.936,-1.533,2.072,-2.844,0.824,1.28,-0.834,-2.484,2.798,0.701,4.226,4.287,-2.656,-0.212,5.399,-0.114,-5.27,-6.911,1.848,-1.771,4.213,0.286,4.786,5.856
9.225,2.083,10.712,2.976,3.868,8.332,2.083,6.546,3.868,7.737,2.083,6.844,4.761,4.761,2.381,7.439,8.034,6.249,2.678,8.629,1.153,-0.375,-5.263,-5.973,3.355,2.753,-2.387,-2.783,3.09,-0.035,-3.3,-0.238,-2.773,-2.173,-2.285,-5.13,5.103,1.951,-0.519,-1.518,-1.347,-3.402,4.125,5.344,2.564,1.473,-1.171,-1.53
8.373,3.489,8.373,6.978,6.28,14.653,2.791,6.28,5.931,7.327,3.14,10.118,6.28,3.14,9.071,8.373,5.931,12.56,5.582,5.931,-4.956,-8.542,-8.299,-9.272,0.59,-1.173,-3.49,0.292,4.244,1.851,-3.245,-2.35,-0.153,-0.256,-5.745,-1.717,4.893,3.774,-5.242,-3.149,-2.446,-3.723,7.832,7.275,0.244,0.579,-4.529,-3.892
9.766,1.302,11.394,3.255,5.534,13.673,3.255,4.558,3.255,4.883,1.953,7.488,6.185,5.86,7.813,6.185,2.93,6.511,5.86,5.534,-4.701,-4.598,-6.381,-3.633,-1.264,-0.336,2.613,1.657,0.377,-2.228,-2.681,-3.099,-3.911,-0.651,0.66,2.026,1.47,0.22,-4.508,-0.313,3.024,1.589,4.62,5.732,-2.318,1.233,-2.277,0.482
9.519,0.985,10.176,4.267,5.252,13.13,4.267,6.237,6.237,7.55,1.97,4.267,5.58,3.611,5.252,3.939,5.58,6.565,4.924,3.939,-6.135,-4.441,2.655,2.57,1.403,0.972,-0.054,-0.524,5.126,0.601,-9.965,-7.348,0.092,-1.861,1.853,0.306,0.891,1.045,-3.952,-3.079,-2.172,-1.535,1.383,7.753,0.129,2.159,-0.012,-1.105
7.575,1.42,7.812,6.865,4.971,8.995,2.604,6.391,7.102,11.126,2.604,7.102,7.102,4.971,4.498,5.918,4.261,7.575,2.604,5.681,-5.527,-5.526,-1.692,-0.402,-2.023,0.117,5.5,3.195,-1.332,-3.403,-2.505,-1.757,5.138,1.761,3.902,2.324,-3.293,-2.51,-3.553,-4.601,-1.756,1.829,2.776,3.27,-2.286,-2.264,-0.218,-2.337
18.252,0.424,5.094,3.396,5.518,12.734,0.424,7.216,4.245,9.338,2.122,11.46,6.367,4.669,5.518,10.187,6.367,8.914,0.849,6.791,1.403,1.522,0.216,-2.281,2.341,1.575,-4.342,-0.89,-2.313,-4.362,-2.193,-3.908,-1.596,-2.441,4.931,0.627,-0.555,-0.562,-5.055,-6.602,-4.304,-0.96,-4.881,-1.517,3.548,0.782,1.94,-0.007
10.534,0.832,6.93,3.049,4.158,6.93,1.94,4.435,2.495,6.376,1.663,8.039,4.713,4.99,5.544,6.653,3.881,6.93,1.94,4.158,-2.473,-3.483,-1.375,-1.295,-1.034,-0.016,2.343,2.322,2.038,0.545,-2.962,-1.755,0.719,0.337,-5.164,-0.532,0.124,0.406,-0.052,2.436,-0.821,0.91,-1.165,-2.273,5.844,2.39,3.985,3.809
4.59,0.459,10.099,9.64,7.804,7.804,4.131,11.017,10.558,10.099,0.459,7.804,7.804,4.131,4.131,9.181,7.804,8.722,1.836,5.049,3.803,4.345,-3.99,-4.449,1.368,1.637,2.342,2.788,-1.473,0.4,-6.234,-5.133,-3.03,-1.002,-0.464,4.871,-11.262,-5.998,-1.783,5.442,-8.767,-5.576,-6.265,-3.787,3.037,8.81,-0.353,-2.4
16.579,0.592,10.066,4.145,7.697,11.25,2.368,5.921,10.658,15.395,3.553,16.579,8.289,5.329,4.737,13.026,11.842,11.842,0.592,10.658,-1.942,-3.612,-6.456,-8.344,-4.808,-8.639,-4.914,-0.952,3.911,1.473,-2.828,-0.585,-7.356,-8.248,-2.834,-3.96,-6.283,-2.05,3.809,2.306,8.483,7.427,-0.766,0.344,-8.441,-8.806,-2.45,-4.597
8.577,0.613,8.271,3.982,5.82,11.64,1.838,4.901,9.19,10.415,2.144,5.82,4.901,5.207,2.451,6.433,4.595,6.126,2.144,3.676,-2.637,-2.964,-2.122,1.133,2.507,1.634,-1.196,0.402,-0.07,-3.82,-1.769,0.353,0.061,2.441,-0.829,-1.467,-4.716,-3.413,1.521,2.748,-0.402,1.172,0.063,0.486,2.649,1.945,-2.667,0.215
6.341,1.378,5.514,9.649,3.584,6.065,3.033,4.411,7.719,8.546,2.481,3.86,4.962,2.205,4.135,4.135,4.962,7.995,1.103,4.135,-1.495,0.337,-4,-0.425,-5.49,-3.253,-0.297,-0.16,-4.593,-2.635,-3.885,-3.152,0.375,1.819,-0.447,2.99,4.34,4.814,2.901,7.059,1.546,5.148,1.923,3.158,-1.83,-0.428,-0.454,-0.075
13.376,1.992,6.83,5.977,2.277,9.392,5.407,7.115,1.992,8.823,2.561,3.7,4.838,3.984,5.407,5.123,8.823,7.969,1.138,1.708,-3.131,-0.778,-1.475,-2.951,-3.825,-4.389,3.703,2.626,-0.283,1.867,-0.201,2.048,0.687,-1.748,-5.663,-4.753,3.14,2.168,0.939,2.733,4.967,3.038,-3.325,-2.255,-2.584,-2.986,1.131,2.868
11.242,1.022,4.855,5.877,2.3,7.41,1.278,4.855,6.643,8.943,0.511,4.088,3.833,4.344,4.088,4.855,5.366,6.643,0.767,3.066,2.974,4.428,-6.362,-3.298,1.763,2.712,-1.211,1.492,-1.374,-2.46,-0.541,0.996,0.459,3.303,-1.582,-1.306,-3.162,-0.971,0.167,3.478,0.993,2.781,-1.519,2.53,1.066,-1.399,1.331,2.734
7.849,2.892,6.197,9.502,4.544,6.61,3.718,7.436,10.328,14.046,2.066,6.197,8.262,5.371,4.544,7.023,6.197,10.328,2.479,4.544,-1.171,-1.336,-5.77,-7.177,-5.97,-1.947,-5.108,-4.539,-2.388,-0.598,-1.881,1.678,-5.536,2.756,1.589,6.255,4.093,3.622,0.135,-2.272,1.256,-0.337,-1.808,-5.199,2.125,0.259,-1.452,0.587
18.747,0,9.374,6.249,3.125,10.415,2.083,5.208,11.457,8.332,2.083,7.291,3.125,1.042,5.208,12.498,5.208,16.664,1.042,2.083,-0.956,-0.129,-5.65,-3.647,-10.148,-4.043,13.589,8.708,4.423,11.3,2.459,4.555,-10.139,-4.979,-4.779,1.859,-10.467,-5.625,-3.866,-4.955,1.011,-0.582,-0.208,7.211,-2.283,0.383,-7.763,-6.509
12.511,0.463,5.56,6.024,2.78,9.267,2.78,6.951,3.707,11.121,2.78,2.317,6.024,6.487,5.097,5.56,5.097,7.877,2.317,1.853,-5.246,-6.892,-4.376,-4.486,-1.883,-3.854,-0.845,-3.322,1.195,-3.523,2.503,5.839,0.248,5.459,2.644,1.568,-1.143,-0.635,3.504,1.983,-1.134,-4.524,-3.006,-2.913,4.646,4.645,4.026,2.947
6.817,0.62,4.028,3.718,1.859,4.028,0.62,3.409,1.859,7.127,1.549,2.169,2.169,2.169,4.338,6.507,2.789,4.958,0.62,1.239,2.466,-1.005,1.69,0.478,0.899,0.466,5.016,3.599,0.811,-0.6,-1.443,0.94,-2.649,-1.593,5.293,3.94,-2.175,1.32,0.236,1.521,0.168,-1.281,3.104,0.685,7.844,6.659,0.431,0.587
9.521,0,5.661,7.977,4.632,8.749,2.573,5.404,6.69,7.719,1.801,5.661,5.146,3.345,5.404,4.632,4.117,6.948,2.059,4.889,0.575,1.592,-4.411,-0.77,-2.038,0.328,1.892,4.117,-0.512,0.21,1.692,-0.503,-2.296,-0.6,-0.725,2.556,0.547,0.365,-0.981,-2.436,-1.043,-0.81,-1.473,-2.249,0.923,-1.032,1.848,2.309
15.13,0.315,5.989,6.304,4.413,8.511,1.261,8.195,5.674,9.772,4.098,3.152,4.413,3.467,8.195,7.25,6.619,9.141,1.576,2.837,-1.109,-2.447,-7.061,-1.424,0.742,1.437,3.282,-0.231,-1.421,-0.657,1.476,1.693,0.787,-1.362,-3.302,-1.041,-0.001,0.771,-5.091,-6.577,4.245,3.648,-1.685,-0.016,1.707,-1.386,-0.021,-1.266
9.496,2.671,8.012,7.715,3.858,10.386,2.967,7.122,6.232,5.638,2.077,2.967,6.528,4.748,7.122,5.935,4.748,7.419,2.671,5.638,-5.295,-4.151,-0.459,-2.299,4.407,6.815,1.459,3.565,-1.68,-0.742,-2.682,-0.857,-2.859,-0.376,1.187,2.034,-3.372,-2.758,-3.979,-1.704,5.756,5.06,1.411,-0.727,-4.536,-3.439,-4.273,0.542
13.371,1.253,7.103,5.432,4.178,4.596,2.925,7.939,4.596,11.699,1.671,3.76,3.76,7.103,6.685,6.685,3.76,7.521,0.418,4.596,4.861,5.474,-4.83,-5.121,-0.657,-2.168,-5.138,-0.201,-0.232,1.827,-2.953,1.278,1.65,0.536,-3.148,-0.978,-5.223,-6.1,4.722,5.026,-2.667,-0.12,-1.641,5.19,0.514,1.454,-0.102,-0.309
17.435,1.308,5.666,6.974,5.231,8.718,2.179,7.846,3.487,12.205,2.179,4.795,7.41,4.359,6.538,6.974,3.051,7.41,0,3.051,2.849,1.543,-4.398,-4.923,-1.28,0.866,1.188,0.627,-2.455,-4.36,-4.728,-5.948,4.436,3.529,-3.953,-5.152,-2.847,-7.472,3.937,1.261,4.455,5.12,-3.689,-3.669,-1.835,0.281,5.379,4.421
17.833,2.14,5.707,6.42,4.993,6.42,4.993,5.707,4.28,9.273,5.707,2.853,4.993,4.993,9.273,7.133,7.133,11.413,1.427,2.14,-2.182,-4.269,-0.981,-6.03,-0.857,-3.469,3.092,6.945,-10.836,-7.751,-5.486,-3.297,-0.265,0.373,-4.95,-0.691,7.834,6.22,2.12,0.48,-3.419,-3.048,3.73,1.78,0.405,3.136,-3.438,0.02
8.503,2.346,5.278,6.158,3.519,9.97,4.105,4.692,4.398,8.797,2.053,3.519,3.519,2.639,6.451,2.932,3.812,6.451,1.759,2.346,0.279,2.292,-2.948,-3.494,-3.166,-0.988,3.768,5.557,-4.459,-2.605,-2.855,-0.472,0.425,3.425,5.021,0.582,-0.513,-1.096,6.501,4.472,1.945,1.292,-1.933,-2.388,-4.965,-1.811,1.125,3.763
13.619,1.021,5.448,4.767,5.107,11.577,3.064,5.107,3.405,7.15,2.043,3.405,5.448,3.405,6.81,4.426,4.767,5.448,1.702,2.383,2.374,2.014,-3.332,-5.113,2.812,2.248,2.764,2.768,-8.021,-7.581,-2.825,-1.082,2.752,-0.286,-6.895,-3.617,-3.533,-2.804,10.888,7.381,-2.751,-2.566,0.188,-0.734,-0.267,0.925,6.908,7.28
12.942,1.917,6.231,8.149,3.835,12.942,3.835,8.149,10.545,8.149,0.959,3.355,2.876,4.314,3.355,5.752,5.273,10.545,2.397,1.917,4.675,1.772,-1.148,-4.252,-4.169,-1.604,0.337,3.712,-4.249,-3.872,-0.323,-0.019,1.654,3.359,-0.737,-0.076,-4.367,-3.002,-6.651,-3.534,-2.075,-4.928,-2.496,0.11,3.08,4.249,4.117,2.998
10.73,0,7.231,6.065,6.065,9.563,3.032,3.499,3.732,9.097,2.099,4.199,3.965,2.099,4.199,3.266,5.365,4.199,1.166,2.099,-0.922,-2.099,-1.481,0.164,-2.433,-0.425,-1.846,-1.847,1.242,0.843,-0.4,0.256,1.996,3.342,-1.384,-1.21,0.207,-0.814,0.943,4.067,0.196,-0.507,0.323,2.126,4.754,0.174,0.336,2.731
11.054,1.228,9.211,9.211,7.983,3.685,5.527,7.983,9.825,12.896,4.299,12.282,3.07,6.141,3.685,8.597,6.755,9.211,1.228,6.141,-1.987,-0.274,5.463,3.263,1.061,-1.206,-3.07,-1.105,-10.82,-5.03,1.106,1.281,2.073,-0.58,-5.397,3.197,-1.413,-4.006,-2.135,1.8,-1.749,-3.383,-9.173,-7.982,4.95,0.89,-3.254,-2.534
11.382,0.569,5.122,8.537,0.569,7.968,2.846,6.829,6.26,8.537,1.138,3.415,2.846,3.984,5.122,4.553,6.26,4.553,2.276,2.846,1.026,1.964,-2.114,0.129,8.651,4.895,0.583,-2.785,-4.168,-1.982,-2.947,-3.202,-8.266,-2.708,-4.128,1.081,0.574,5.079,-0.52,-4.271,2.787,4.252,-2.35,-0.316,1.608,5.645,2.195,3.677
8.245,0.344,6.184,3.435,4.466,14.772,1.031,4.81,6.184,8.589,3.092,6.871,5.153,3.435,5.153,7.902,7.902,10.65,1.374,4.123,-0.303,1.764,-2.619,-6.717,-0.057,-0.988,-0.08,0.158,-2.951,-4.677,-5.769,-0.996,-1.344,-2.148,-0.314,-2.546,1.291,1.176,0.154,-0.461,5.021,4.382,-2.144,0.6,3.665,4.356,-1.125,-1.039
9.787,1.779,5.783,7.562,2.669,10.231,2.224,4.893,2.669,12.456,2.224,0.89,3.114,4.004,11.566,3.559,4.893,8.452,0.445,3.559,-2.501,0.3,-7.554,-4.956,-2.123,0.607,-5.453,0.41,1.066,4.033,8.025,2.308,2.525,2.699,2.244,1.584,-1.079,2.38,-1.666,-1.102,1.406,-1.105,-8.829,-0.972,2.215,0.277,0.875,1.628
8.585,0.613,7.358,5.519,1.226,14.717,3.679,8.585,4.292,12.877,3.066,4.906,6.745,3.679,3.679,7.971,8.585,12.877,0,6.132,-0.31,-2.707,-3.363,-6.654,1.609,-3.408,1.754,-1.115,7.795,2.292,-1.216,-5.974,-4.734,-1.116,1.822,2.789,-3.269,-2.015,-1.308,-2.764,6.118,5.596,-0.114,-0.883,-1.915,-1.023,-4.876,-6.102
11.306,1.131,5.653,6.783,2.826,11.871,3.957,7.349,3.392,9.044,2.826,5.653,4.522,3.957,3.392,3.957,10.175,3.957,0.565,3.392,-2.481,-5.833,1.346,-1.729,0.529,-2.066,2.991,4.429,-0.458,-4.979,-7.426,-2.133,4.535,2.271,-5.463,-1.699,6.291,2.958,-3.097,1.635,-0.248,0.151,0.938,4.742,-0.509,-0.238,-0.113,-0.05
14.496,1,7.498,5.998,2.999,11.497,3.499,4.999,6.498,8.998,1.999,6.498,4.499,2.499,4.999,5.998,7.998,11.497,1.999,3.499,2.815,-0.705,0.354,-3.714,-3.357,-2.083,-5.457,-1.645,-3.899,-1.604,-3.222,-5.944,0.56,2.081,5.33,0.333,-5.858,-6.901,3.686,6.821,3.26,6.859,-4.139,2.776,-6.633,-5.374,2.696,3.995
8.993,1.383,6.226,6.226,3.459,8.993,2.075,5.534,3.459,6.917,1.383,4.15,1.383,2.767,5.534,2.767,3.459,5.534,0,3.459,-4.61,-3.913,2.558,2.491,-2.201,-1.726,-0.953,2.448,2.317,1.259,-0.427,-3.235,5.284,4.143,-1.624,-1.699,2.326,4.16,-1.897,0.067,4.551,3.6,0.231,-1.624,5.228,5.108,-3.925,-1.637
12.22,1.41,6.11,5.64,2.35,13.16,2.82,6.58,8.46,8.93,1.41,2.35,2.82,2.35,3.29,7.05,6.11,10.81,0,3.29,2.063,0.536,-2.268,-2.224,-1.975,-3.284,-4.153,-5.673,0.986,-0.107,3.314,3.399,5.073,4.136,-0.974,2.011,-5.377,0.379,-1.648,-3.65,0.371,1.065,1.54,1.831,-2.806,-1.559,0.113,1.723
8.698,0,5.353,6.022,2.676,8.029,0,4.684,7.36,8.029,0.669,1.338,3.345,4.684,1.338,2.007,4.015,12.713,0.669,0,-1.288,-4.307,-1.919,-2.23,-2.034,-2.129,4.246,4.135,4.217,2.326,-2.857,-3.754,5.85,6.616,0.795,1.26,2.103,4.094,-2.393,-2.529,-3.691,-3.89,4.568,3.5,1.488,3.105,3.693,-0.605
14.496,2.071,8.283,6.903,1.381,17.257,3.451,11.734,10.354,6.903,0.69,3.451,4.832,2.761,3.451,6.903,6.212,11.734,0.69,6.212,-0.476,-3.517,-7.043,-3.537,5.253,1.949,-4.426,-3.441,-4.768,-1.613,0.24,-2.556,8.185,8.224,-7.454,-5.391,1.22,6.114,-0.444,0.424,-8.161,-6.479,-2.285,-0.66,4.202,3.324,-1.099,-5.555
15.22,0.895,6.267,9.848,5.372,9.848,2.686,6.267,8.953,6.267,4.476,1.791,10.743,5.372,3.581,8.058,4.476,8.058,2.686,3.581,-1.884,-3.241,-8.313,-9.609,-0.158,0.708,-0.768,4.663,-0.907,-5.066,0.588,-3.073,1.993,3.617,-2.808,-4.138,2.754,2.673,0.389,2.28,-5.427,-2.33,-1.933,1.52,1.969,8.286,-2.555,-3.676
16.189,0,8.095,11.13,6.071,10.118,0,6.071,11.13,15.178,6.071,8.095,3.036,2.024,4.047,4.047,5.059,10.118,1.012,2.024,-1.927,2.44,-14.266,-8.283,12.351,9.715,4.019,2.166,-6.11,-4.668,-1.54,-6.561,-6.221,0.221,-4.144,5.839,4.241,1.951,-5.755,-1.408,-6.017,-4.992,4.963,-1.084,1.942,-3.502,-0.83,-2.053
16.359,1.091,11.996,6.543,3.272,7.634,3.272,8.725,4.362,15.268,5.453,2.181,6.543,6.543,6.543,7.634,5.453,10.906,2.181,3.272,5.245,-1.226,-6.885,-3.43,-3.347,-5.093,-1.529,-5.522,-5.127,-8.198,-12.806,-11.15,-3.093,5.053,-3.724,1.02,-1.887,-0.533,3.275,2.111,4.58,1.634,-2.828,0.821,3.219,-2.273,11.988,4.474
12.999,2.166,4.333,9.388,2.889,18.776,2.889,12.276,10.11,4.333,2.166,0.722,6.499,2.889,2.166,4.333,8.666,9.388,0,2.889,3.182,0.951,-4.898,-5.775,6.29,2.827,0.687,0.59,-7.039,-6.282,1.003,2.499,-2.895,2.53,-6.949,-3.226,-3.257,-5.168,-2.86,-6.489,-2.704,-1.659,1.703,3.514,3.905,4.738,3.297,1.609
16.63,2.772,4.158,8.315,1.386,13.858,1.386,5.543,8.315,4.158,0,5.543,4.158,5.543,5.543,2.772,6.929,13.858,2.772,2.772,-6.484,4.402,-5.345,0.01,-7.875,-4.142,9.159,7.097,0.939,1.896,-3.908,-6.648,-5.757,2.55,-4.19,-0.44,0.216,0.691,3.298,-5.931,-7.037,-9.566,-2.425,8.605,-2.508,7.55,8.81,0.62
7.646,1.092,12.562,6.554,5.462,8.739,0.546,4.369,6.008,6.554,1.638,2.731,5.462,1.638,1.638,4.369,6.008,7.1,1.638,2.731,1.206,-1.432,-3.878,-4.446,3.273,5.387,-1.076,1.934,-0.72,1.82,0.801,-0.29,0.066,2.381,0.721,7.623,-6.764,-4.556,-4.026,-5.239,1.95,6.789,-1.399,-0.154,0.144,5.794,-1.058,0.663
10.532,2.341,9.947,7.607,3.511,10.532,0.585,5.266,2.341,7.022,0,1.17,1.17,1.755,4.096,4.681,4.096,5.266,1.17,2.926,-1.405,-0.998,-2.115,-0.972,-0.209,1.573,4.897,6.809,-6.814,-4.441,-3.914,-3.609,3.045,10.81,-1.754,1.019,-0.408,-0.571,-2.94,0.725,6.482,1.499,0.507,2.809,-3.642,-2.927,1.893,8.634
5.339,2.669,8.008,16.906,4.449,12.457,0,13.347,8.898,7.119,4.449,7.119,2.669,1.78,1.78,7.119,4.449,8.898,2.669,2.669,-0.356,4.954,-8.145,-7.791,0.916,1.595,3.63,8.431,2.961,8.728,-3.44,-6.109,0.092,-2.202,0.431,2.507,-7.025,-1.205,-5.727,-4.959,-3.16,2.002,-4.638,0.2,-2.854,4.991,-0.715,-5.907
8.242,0.634,5.072,6.34,1.268,8.876,1.902,6.974,6.974,6.974,2.536,5.072,2.536,4.438,4.438,4.438,8.242,12.681,0,2.536,3.119,2.093,2.981,0.075,7.291,5.969,4.599,3.989,-9.555,-3.832,-3.199,-2.443,-0.891,2.191,-3.885,1.351,0.786,-1.556,-6.012,-2.19,3.598,1.049,-2.371,-2.121,-2.674,-2.273,2.442,1.294
14.748,2.107,6.32,3.16,3.16,13.168,0.527,6.847,3.16,9.481,0.527,5.267,4.74,2.634,6.847,6.847,7.374,4.74,0.527,3.16,-0.09,3.865,0.784,-3.132,-0.664,-2.664,-2.149,-1.218,3.152,1.868,-1.937,-3.3,2.068,1.622,-1.261,0.303,-6.686,-3.46,2.545,-1.66,-4.385,-1.737,5.077,3.442,3.833,0.496,-0.603,0.55
11.468,2.548,7.008,7.008,1.911,7.645,7.645,4.46,3.823,11.468,4.46,5.097,7.645,0.637,8.919,5.097,6.371,10.193,3.185,4.46,-0.672,2.362,-8.462,-4.423,-1.984,-2.67,0.649,-5.989,-0.257,-0.386,0.993,3.062,-0.209,0.957,3.005,1.481,-1.173,0.039,2.956,4.609,-1.438,-0.723,-6.834,-3.645,0.852,-1.089,-0.546,-1.511
16.854,2.974,12.889,7.931,1.983,6.94,3.966,14.871,9.914,7.931,3.966,3.966,4.957,1.983,5.949,4.957,5.949,4.957,0.991,2.974,-4.104,1.765,2.769,-1.206,3.935,11.463,-4.083,0.626,-4.73,-3.253,-5.878,-7.067,-6.753,5.66,-3.671,2.39,-5.958,-3.279,6.932,8.263,-4.83,3.846,0.553,1.167,-12.833,-4.145,-2.999,-1.483
6.936,2.668,3.201,3.201,2.134,9.604,0,3.735,5.336,4.802,2.668,2.668,2.668,2.668,1.601,5.336,3.735,9.071,0.534,1.601,-0.581,-3.892,0.895,-1.177,6.236,2.89,-1.338,1.2,0.669,1.422,2.501,1.081,-1.613,-1.36,3.772,2.863,-2.558,-1.629,-0.315,-1.699,1.546,5.928,1.595,-2.752,4.868,4.386,1.81,1.087
8.32,1.28,3.2,4.48,1.92,11.521,0.64,3.84,7.04,10.881,0.64,2.56,1.28,5.12,5.76,5.12,5.12,8.32,1.92,4.48,3.353,5.177,-4.938,-3.62,-0.235,-0.451,-1.934,1.517,-1.453,-1.491,-0.356,-1.762,0.976,-0.145,9.525,8.156,11.231,5.6,-5.121,-1.999,-6.345,-6.701,4.295,4.872,-3.58,-1.76,-3.731,-2.525
12.244,0,4.49,7.347,1.633,14.693,0.816,4.898,3.265,7.347,3.265,3.265,2.857,2.041,5.714,6.122,8.163,11.02,1.224,2.857,-3.82,-2.967,-3.883,-4.607,1.117,1.445,0.928,1.538,1.788,1.345,-1.217,1.057,2.277,-1.567,3.403,-1.094,3.597,2.162,-4.083,-2.178,1.814,3.406,-2.454,-1.81,0.557,0.328,-0.484,0.138
15.856,2.187,6.014,6.014,3.827,13.669,2.187,4.921,8.201,11.482,4.374,4.374,4.374,4.374,4.374,10.935,9.295,9.842,3.827,1.64,4.301,0.37,-0.957,-1.553,-2.198,-1.439,-0.295,1.215,0.137,-4.418,-2.374,-4.088,-2.474,-1.54,3.67,1,-3.178,-5.83,-6.598,-3.909,-5.311,-5.529,-4.367,-2.973,2.617,1.747,5.537,6.669
8.136,0.939,7.51,4.381,2.816,9.388,4.068,5.633,4.381,8.449,2.816,5.946,6.572,4.068,5.007,5.946,4.694,9.075,1.565,4.381,0.805,1.018,-7.9,-5.331,-0.793,-1.052,0.292,1.724,-3.507,-3.519,-1.841,-1.632,1.936,1.256,0.533,-2.557,-2.102,-5.32,-3.474,-3.238,5.12,7.937,2.325,1.153,-1.965,-0.586,7.334,7.614
7.864,1.43,7.864,10.009,3.575,7.864,2.86,10.724,11.439,10.724,0.715,5.004,5.004,1.43,5.719,4.29,6.434,11.439,0.715,4.29,-3.112,-5.074,-2.554,1.979,-5.89,-1.766,3.444,0.634,-9.433,-4.34,-2.34,-2.531,-6.002,-4.073,-9.837,-6.187,-0.517,13.054,-4.215,1.159,8.755,12.813,-3.551,1.717,0.971,0.727,1.755,5.021
14.027,2.475,13.202,8.251,4.126,12.377,2.475,7.426,7.426,16.503,0,2.475,9.902,4.951,7.426,6.601,11.552,12.377,0.825,7.426,0.684,4.629,-10.685,-10.88,-8.474,-2.177,-0.83,5.473,9.18,7.238,5.293,1.232,-11.848,-5.844,-2.625,-7.159,-2.566,1.4,1.675,1.387,-1.475,3.609,-3.792,0.371,-2.687,-3.158,-12.546,-7.251
13.504,0,7.717,7.717,7.717,10.289,1.286,5.144,3.858,12.861,1.929,5.144,4.501,3.215,5.788,9.003,7.074,5.788,1.286,4.501,-0.278,-3.396,-1.216,-0.309,2.771,4.267,-3.252,-5.013,6.133,5.367,-0.032,0.163,-1.51,-0.46,-5.701,-3.976,-0.336,-1.869,1.987,0.68,-7.558,-9.686,1.092,1.88,-2.322,-1.163,2.724,2.689
11.72,1.234,4.318,2.467,1.851,9.253,0.617,6.168,7.402,9.253,1.234,3.701,4.935,2.467,1.851,4.318,4.935,11.103,0,1.234,5.408,-0.363,0.438,-1.605,-0.258,0.215,-1.174,-4.259,3.285,1.037,3.79,3.288,4.539,1.68,4.281,1.214,-1.352,-0.211,-7.038,-5.615,5.716,2.231,6.499,2.184,-5.466,-4.63,-1.172,-2.72
16.415,0.657,5.909,5.909,3.283,8.536,0,3.94,6.566,12.476,2.626,4.596,5.909,3.94,4.596,0.657,3.283,9.193,0,1.97,3.993,2.136,-1.585,0.716,-5.79,-0.196,-1.621,-0.641,-5.098,-3.491,-1.415,-3.436,5.55,5.073,3.253,1.725,2.592,-2.117,-3.819,-1.277,4.932,2.054,-4.942,-5.326,5.35,0.862,0.462,1.596
10.028,0.557,4.457,4.457,1.671,6.685,1.114,7.242,3.343,6.128,2.228,2.785,5.014,3.343,3.343,3.9,4.457,7.799,0,1.114,2.524,0.802,-2.385,0.631,-1.549,1.579,3.651,2.827,4.124,5.181,-2.282,0.404,-1.715,-2.313,0.174,0.798,2.032,3.19,-1.25,0.298,0.56,-2.671,2.123,1.035,-0.942,-0.031,0.826,2.715
6.907,1.727,6.475,3.454,2.59,10.361,1.727,6.044,5.612,6.907,2.158,3.454,2.59,1.727,3.454,3.022,1.727,6.044,0.863,0.863,5.349,3.155,-4.575,-4.336,7.55,4.684,4.988,2.176,-2.692,-2.724,-0.607,-0.687,6.979,7.083,-3.682,-1.965,-3.129,0.462,1.928,2.863,0.548,0.43,-3.484,-0.42,-1.802,0.184,-0.478,4.499
8.13,1.478,3.696,3.696,2.956,11.087,1.478,9.608,5.913,5.913,2.217,2.217,4.435,2.217,1.478,3.696,10.347,8.13,0,1.478,0.241,-0.336,-1.458,-3.523,-0.734,-3.492,2.405,1.793,-0.567,-1.085,-1.572,-5.435,9.542,3.937,-0.936,-2.852,2.045,-1.074,3.229,-2.312,3.04,1.316,6.62,-0.917,1.638,-1.631,4.326,-2.381
7.038,0.469,5.161,7.038,5.161,6.1,0.469,5.161,8.915,5.63,0.938,3.754,3.284,1.877,3.284,8.915,4.692,6.1,0.469,2.815,-2.343,0.163,-4.198,-5.482,-1.027,5.969,-1.333,1.704,-0.077,3.272,0.714,4.617,1.739,6.899,-0.489,4.048,-4.087,-0.831,0.253,4.44,1.297,-0.021,-2.502,3.195,0.848,-0.651,-2.702,-0.688
4.195,1.398,5.594,5.244,4.195,4.545,0.699,5.244,5.944,5.244,1.049,2.098,2.447,3.147,4.545,5.594,3.147,5.244,0,1.398,-0.948,1.817,-5.997,-5.332,2.508,3.498,1.626,6.372,-0.138,2.373,0.01,-1.616,4.987,7.537,-0.964,4.432,-0.761,-0.524,3.11,2.582,1.244,5.267,-3.302,0.753,-0.737,3.137,-2.445,0.54
6.056,0,5.59,6.987,3.261,7.453,2.329,5.59,6.522,12.112,1.863,3.727,6.522,4.658,7.453,4.658,8.851,6.987,1.397,3.261,-5.548,-2.421,-7.883,-7.24,-1.497,1.855,1.53,4.408,4.135,6.404,-1.941,2.341,-8.222,-5.271,-2.865,-1.49,4.178,4.263,0.508,5.377,-0.114,2.901,-5.681,-0.574,3.733,3.668,1.198,-1.029
6.511,1.776,8.286,7.695,2.959,6.511,1.776,6.511,4.735,6.511,2.368,2.368,1.776,6.511,6.511,4.735,6.511,8.878,0,5.327,3.855,1.897,-4.969,-5.116,6.649,5.908,2.629,5.321,-0.265,-2.56,0.402,2.599,-0.235,3.379,-2.42,0.686,-2.652,-1.621,-5.092,-1.982,-0.965,4.866,5.024,1.615,-5.231,1.156,-6.9,-4.234
6.279,1.395,6.977,6.279,1.395,4.186,0.698,6.977,2.791,8.372,3.489,2.093,2.093,4.884,5.582,6.279,4.884,3.489,0.698,4.186,-2.107,2.673,-7.433,-6.206,7.845,7.639,5.699,4.15,-1.783,-2.947,-1.032,-2.601,-3.467,0.944,3.079,3.984,1.324,3.782,-0.723,1.644,1.149,0.703,5.079,3.966,0.953,4.596,-6.141,-7.794
7.614,0.401,6.812,7.614,1.603,5.61,3.607,5.61,4.809,6.011,2.805,3.607,5.209,1.603,3.607,1.202,5.61,8.415,0.801,2.805,-1.168,-1.531,0.347,-1.49,3.647,8.706,-2.771,-2.361,0.448,1.009,1.915,5.237,3.228,3.839,0.315,-0.095,-5.048,-0.385,-1.683,0.737,-0.944,1.029,-0.544,-1.045,-1.905,-1.656,-0.947,7.762
10.162,0.462,9.238,12.472,3.695,8.777,2.772,11.548,7.391,10.162,4.157,3.233,4.619,3.233,8.777,3.233,9.7,10.624,1.386,4.619,-6.404,-3.046,-1.947,-1.693,5.498,5.023,-5.742,1.209,-3.499,-5.723,-4.75,1.603,-7.082,0.729,-10.802,-2.159,1.54,-1.717,-8.07,-5.373,-2.223,7.898,-4.533,-0.568,5.841,6.049,2.209,7.47
10.939,0.754,2.641,4.527,1.886,6.79,1.509,3.395,3.018,9.431,1.886,2.263,4.904,3.772,3.018,4.527,7.544,6.036,1.886,2.641,3.399,-0.537,-3.802,-2.763,3.542,2.675,-1.485,-3.764,2.825,1.296,-1.309,0.179,0.673,-0.614,5.59,0.353,1.997,1.206,-0.117,0.744,0.761,2.554,5.052,1.818,-0.212,-0.674,-0.615,-2.137
8.717,2.179,5.293,9.029,1.868,8.717,0.623,6.849,5.293,6.538,4.359,4.047,2.491,2.179,4.047,3.113,3.736,8.095,0,2.802,3.516,2.76,-4.844,0.479,-1.726,0.095,0.4,0.929,2.31,0.361,-2.592,-2.72,-2.605,-1.826,-1.242,0.868,-3.032,-0.417,-1.114,1.009,2.078,0.058,5.145,6.03,2.104,4.207,-0.41,0.203
12.166,1.404,5.615,7.019,2.34,9.826,0.468,8.422,5.615,10.294,2.807,3.743,2.807,4.211,5.615,6.083,5.147,7.487,0,1.872,-4.76,-4.924,-1.868,2.445,-2.158,-0.676,-2.933,-0.571,2.286,0.739,-4.589,-1.244,1.736,-0.066,1.328,3.251,-0.222,-0.543,3.666,4.98,-0.268,0.253,-0.819,0.852,0.571,-0.129,0.664,0.059
11.618,1.936,10.65,4.841,3.873,8.713,0.968,8.713,9.682,12.586,0.968,3.873,4.841,2.904,0.968,2.904,5.809,4.841,1.936,1.936,-5.838,-5.161,-4.263,-11.06,-3.964,-3.141,4.013,9.736,2.944,2.872,-2.743,-5.463,2.512,0.112,3.042,5.953,-4.095,-3.743,1.827,1.08,0.612,3.545,3.943,-0.815,-2.452,-2.452,5.3,3.137
8.742,0.729,5.1,7.285,6.557,3.643,0.729,2.914,8.742,4.371,1.457,2.186,2.186,3.643,0,5.1,3.643,8.014,0.729,0.729,-3.857,-1.836,-4.344,-1.443,1.13,3.959,4.038,4.772,-5.02,-5.1,-3.636,-3.2,-4.286,-1.985,2.024,5.141,0.9,-2.868,2.097,7.035,-5.087,-2.848,8.447,7.293,4.321,9.473,3.124,5.26
9.674,1.138,6.829,6.829,6.26,7.398,1.707,2.845,9.674,6.829,3.414,3.983,3.983,7.967,1.707,4.552,5.121,11.95,1.138,4.552,-2.884,1.865,-2.547,-4.261,2.29,3.457,2.145,2.232,-4.208,-3.702,1.868,-3.109,-2.021,0.966,-4.453,-3.47,-0.401,3.383,-0.855,-4.316,5.586,1.123,4.992,0.681,-3.64,-2.716,2.726,1.717
5.753,1.644,6.575,4.931,3.287,4.931,0.822,4.109,4.931,3.287,0.822,1.644,2.466,6.575,3.287,1.644,3.287,5.753,0.822,3.287,-2.026,4.069,-0.25,-0.851,-6.556,0.403,-0.81,3.16,1.063,-0.1,3.502,0.275,6.224,6.709,-2.204,2.359,-1.687,2.301,4.755,6.613,0.735,4.681,-0.003,-0.762,-4.172,-3.27,2.788,3.198
3.743,2.495,8.734,6.238,8.734,9.982,2.495,7.486,11.229,8.734,3.743,3.743,6.238,4.991,3.743,2.495,4.991,4.991,0,3.743,-0.907,2.346,-12.346,-12.051,4.794,1.914,-8.555,-1.479,-4.869,1.963,-1.129,1.041,5.082,5.11,-2.068,-0.533,-0.575,-0.751,10.487,10.551,-9.372,-6.338,-2.719,6.734,5.823,2.143,-4.226,1.381
18.2,4.044,9.1,13.144,13.144,15.166,2.022,6.067,7.078,22.244,3.033,11.122,15.166,5.055,14.155,10.111,10.111,14.155,2.022,4.044,5.556,0.537,-9.566,-5.013,-4.458,-7.682,-2.939,-8.012,-3.118,-10.149,1.314,6.834,-3.33,3.979,-3.918,-3.284,3.986,4.22,-3.202,-0.624,-2.701,-1.17,-12.396,-1.859,-18.431,-12.561,-2.8,-8.399
5.05,0,5.05,3.367,2.525,4.208,2.525,5.892,8.417,11.783,3.367,4.208,5.05,2.525,6.733,9.258,3.367,0.842,2.525,7.575,-0.722,-0.68,-7.206,-3.889,0.504,-2.323,4.043,-2.214,-3.42,1.823,0.105,3.486,3.295,8.107,-14.48,-7.736,7.719,3.538,2.809,-1.739,-3.314,-2.054,-2.167,5.301,7.558,10.411,0.671,-1.692
7.078,2.831,5.662,7.078,7.078,8.494,2.831,5.662,8.494,15.572,4.247,5.662,12.74,7.078,9.909,7.078,7.078,5.662,2.831,4.247,-10.82,-4.22,-10.352,-5.424,-7.661,-4.461,-0.425,-3.819,2.23,-0.896,-0.207,4.276,6.621,10.998,-9.801,-8.743,-7.324,-2.798,-6.376,-11.335,0.083,-0.915,6.167,11.284,8.874,9.371,-1.329,-0.311
15.281,4.584,9.168,7.64,7.64,7.64,4.584,4.584,9.168,13.753,9.168,3.056,9.168,1.528,10.697,4.584,6.112,7.64,1.528,6.112,-8.282,-5.619,-15.939,-10.655,0.172,6.375,5.249,1.33,4.09,10.186,-9.485,-9.497,-14.72,-12.16,-2.064,-2.926,8.578,5.212,-17.934,-10.471,9.306,2.431,7.652,13.842,3.308,-3.159,-3.718,5.257
7.159,0.387,5.611,4.644,3.483,5.611,1.161,5.031,5.611,4.837,1.354,3.483,2.128,2.322,4.257,4.257,5.224,5.998,0.193,1.935,0.683,1.06,-3.545,-0.615,3.357,2.299,2.743,3.925,-0.034,0.71,-3.499,-0.665,3.338,4.539,0.077,0.312,-0.812,1.154,1.093,0.328,1.099,2.017,2.433,2.227,-1.9,-3.187,2.991,3.185
7.631,0.587,5.283,6.457,2.935,7.044,2.935,4.696,4.109,5.87,3.522,3.522,5.283,2.935,3.522,3.522,5.283,6.457,1.174,2.935,4.107,8.255,1.474,0.591,-2.847,-3.655,0.868,1.454,-2.536,-1.274,-4.647,-1.843,-3.554,-1.898,-4.019,-4.382,0.507,0.971,2.724,2.155,5.679,3.955,8.556,7.054,-1.482,0.299,-1.942,-0.272
10.16,1.905,8.255,10.795,3.81,10.16,2.54,13.969,6.985,10.16,6.35,3.81,6.35,3.81,7.62,10.795,11.43,6.35,1.27,6.985,2.806,1.663,-5.163,-0.021,-7.629,-4.878,2.935,5.128,-5.545,-3.386,-11.576,-7.91,1.435,-1.233,0.689,1.549,-6.762,-5.093,2.409,4.234,2.192,2.059,5.43,5.243,-6.777,-4.562,-4.384,-6.356
7.036,0.938,7.974,8.443,2.345,8.912,2.814,10.788,5.16,7.505,2.814,3.283,3.752,5.629,7.974,7.036,9.381,8.443,3.752,3.283,6.016,1.748,-0.517,-2.615,-3.599,1.117,-7.726,0.895,-7.077,-1.841,-10.904,-4.321,1.599,4.63,1.831,0.013,-0.604,-1.595,7.723,3.736,-0.606,0.481,-1.812,3.191,-3.412,-3.79,-1.878,2.05
12.214,1.182,3.546,7.88,3.546,9.456,1.182,4.334,3.94,7.88,3.152,5.122,2.364,3.152,5.91,2.364,6.304,7.092,1.97,4.334,-0.487,1.616,-4.69,-3.377,2.249,-1.086,3.823,4.325,2.046,3.717,-3.317,-1.974,2.182,2.179,0.509,-1.742,4.204,4.284,-2.014,-0.583,1.759,0.95,-1.654,-2.419,2.041,-1.609,-1.959,-5.895
11.507,1.151,7.48,2.877,2.877,3.452,2.301,6.329,2.301,5.754,1.726,5.754,2.877,4.603,9.206,4.027,4.027,4.603,1.151,5.178,-3.174,-1.369,4.652,-0.95,-2.738,-0.089,-4.467,-2.813,-2.232,1.543,4.837,0.937,-0.53,-1.469,0.903,1.532,2.14,10.918,-2.021,1.567,-6.531,-0.377,1.292,1.594,-0.739,-1.53,8.221,1.715
8.527,1.827,4.263,7.309,1.218,8.527,3.045,4.263,6.7,7.309,2.436,4.263,3.045,4.872,6.091,2.436,6.091,5.481,3.654,3.045,-1.039,-3.265,2.095,-1.143,1.069,4.677,3.257,2.237,0.4,-2.713,-7.5,-0.807,-0.601,3.918,-4.034,-4.342,-0.709,4.464,-6.118,-4.332,4.15,0.97,4.189,2.259,2.353,1.903,2.354,1.906
10.344,0,4.702,10.344,1.881,10.344,0.94,10.344,12.225,13.165,0,6.583,3.762,10.344,2.821,4.702,7.523,11.285,0.94,5.642,9.602,11.79,-3.029,2.903,-3.006,-5.974,-3.565,-3.279,-5.168,-3.968,-13.815,-6.25,-4.49,-3.431,-6.274,-8.652,-5.629,-8.957,3.735,0.472,5.601,2.765,7.246,7.636,6.213,6.47,-7.595,0.756
9.815,0,7.138,7.585,2.677,4.462,1.785,6.246,5.354,11.6,1.338,3.569,2.677,2.231,3.123,3.569,4.015,4.015,1.338,3.569,-2.223,-1.35,-3.618,-1.869,-3.001,-0.553,0.452,2.761,3.294,-0.951,0.303,-3.981,-3.421,0.636,-0.973,2.189,2.556,-0.463,1.785,2.392,0.986,0.645,4.063,11.866,2.655,-1.063,1.048,-0.274
17.088,1.627,5.696,4.069,3.255,9.765,2.441,10.579,5.696,10.579,2.441,3.255,4.882,11.392,6.51,6.51,5.696,13.02,0,4.069,-2.938,-5.445,-4.619,-1.702,2.021,0.618,10.351,2.009,-8.319,-3.196,-13.44,-7.823,-2.644,0.444,-1.227,-1.581,-0.772,-1.01,-1.326,-3.144,5.917,2.158,5.567,3.926,-2.242,-1.695,2.238,-0.698
4.596,1.532,4.979,6.511,6.511,8.426,2.681,4.021,4.787,9.383,2.872,6.702,6.128,3.064,4.596,8.234,4.213,7.66,2.681,3.255,4.005,4.606,1.727,1.282,-0.078,0.137,-1.071,-0.055,1.728,-1.283,-4.832,-4.035,0.685,-0.438,0.823,0.475,2.17,2.47,-0.007,0.975,-1.153,-2.315,-3.475,-1.972,0.736,0.756,-1.471,-3.222
13.545,1.806,11.739,8.127,10.384,8.127,2.257,6.321,5.418,12.642,4.966,4.515,10.384,5.869,6.772,5.869,7.224,6.321,2.709,4.966,0.098,-1.5,-10.356,-6.476,0.272,-0.462,1.321,-1.132,-1.817,-0.66,-10.627,-5.98,-0.678,-0.001,11.825,10.201,-2.358,-4.479,-1.082,0.021,-0.873,-5.797,-1.618,1.014,-0.981,-2.503,-2.362,-2.973
8.166,1.555,8.166,8.555,5.833,6.999,5.055,6.222,4.666,13.61,2.333,7.388,3.111,2.722,4.666,7.777,8.166,8.944,1.555,3.111,-2.057,-7.465,-2.147,-0.439,-0.763,-0.415,0.998,4.048,0.379,-0.259,-7.802,-3.769,-2.988,1.803,-1.497,-3.627,-1.106,0.285,1.176,-1.199,1.801,-0.663,4.479,0.797,2.199,3.763,-2.854,-1.278
10.806,1.801,4.202,1.201,3.002,7.805,0.3,3.302,2.702,9.306,1.201,4.202,9.005,5.403,2.401,9.306,8.105,6.904,1.501,2.702,3.177,0.454,-0.236,0.025,-1.016,-2.861,-0.128,-0.361,0.215,-1.435,-0.312,0.312,4.674,1.834,-1.014,0.099,-0.819,-1.845,1.291,-1.414,2.65,0.106,1.668,1.615,-2.226,0.444,-0.677,0.625
9.196,3.787,8.115,7.033,5.41,10.278,3.246,9.196,3.787,11.901,0.541,6.492,7.033,4.328,5.41,13.524,14.065,11.901,2.164,8.115,1.927,0.716,-5.284,-5.877,-1.209,4.101,3.357,-0.445,1.327,-0.375,4.078,-2.017,-2.871,-3.621,-3.574,-5.807,-7.394,-1.014,-0.507,-4.27,-4.527,-2.017,1.527,-2.874,-2.242,-3.606,-2.722,-0.298
8.079,2.308,7.309,4.616,5.771,10.772,2.308,6.155,2.693,7.694,0,7.309,4.616,2.308,5.386,6.54,7.309,6.925,1.539,3.847,-4.933,-5.012,-3.611,-0.584,2.343,5.733,3.858,1.673,-3.882,-0.342,-4.59,-4.507,1.386,0.176,0.155,-1.087,-0.251,2.104,6.895,0.833,-0.787,-2.629,-2.351,0.326,-3.624,-2.365,6.009,5.578
9.185,0.977,6.645,3.518,6.058,10.944,0.977,5.667,3.909,9.381,2.736,6.254,6.058,3.127,2.736,8.794,7.035,5.472,0.977,3.909,0.418,0.021,-0.96,-2.672,-1.377,-2.358,0.379,-1.51,2.213,-0.176,0.728,-0.48,-3.255,-3.514,2.325,1.147,0.6,0.916,0.586,-1.383,1.217,-0.921,1.819,-1.13,3.263,2.386,-0.934,-1.707
11.547,0.642,5.453,1.604,2.566,10.906,2.887,3.208,1.925,9.944,0.321,4.811,3.208,5.453,3.528,8.34,11.227,10.264,0.962,3.208,1.578,-0.098,-2.821,-2.485,1.991,1.784,-3.518,-1.608,-0.255,-1.125,4.808,1.665,4.868,3.324,-3.512,-0.481,-1.947,-4.463,-4.223,-2.908,-0.513,-2.372,6.067,0.971,0.979,-1.238,2.165,1.366
6.905,3.766,6.591,4.708,6.905,10.985,2.825,5.963,4.708,5.335,0.942,7.218,6.277,2.825,4.708,7.532,5.335,7.218,1.569,3.766,-1.593,-1.916,-5.657,-5.203,2.142,0.151,-2.035,-2.192,0.894,-1.565,-1.801,-2.474,1.329,0.101,1.033,2.355,-1.925,-1.421,-0.216,1.05,5.475,6.121,-2.835,-0.806,0.855,1.596,0.175,2.283
12.756,2.041,9.694,6.123,6.633,11.735,4.592,5.102,3.572,10.205,1.531,6.123,7.143,2.551,6.123,9.184,5.102,8.674,2.551,9.184,-0.013,0.134,-2.772,-6.44,2.361,1.484,2.452,-1.597,-2.926,-2.726,-6.908,-0.463,2.688,-1.559,-3.33,-5.022,-3.187,-1.925,-0.888,-1.718,1.013,-1.267,0.054,-2.713,-1.635,-0.49,3.412,3.362
9.78,1.505,6.019,3.009,2.257,9.028,3.762,3.762,1.505,9.78,3.009,3.009,7.523,5.266,7.523,6.771,10.533,8.276,4.514,8.276,5.562,3.398,0.763,-0.962,-4.244,-0.522,-7.783,-4.54,-7.377,-9.175,-6.121,-11.444,6.371,2.269,7.604,2.382,4.947,4.026,1.607,-0.828,1.445,5.271,2.297,4.445,-0.413,-2.63,-7.68,-3.777
17.592,0,9.985,5.23,3.328,11.411,1.426,6.181,11.411,11.886,1.902,7.607,4.279,8.083,2.853,4.279,6.181,13.788,0,1.426,-3.475,1.487,-5.756,0.42,1.343,3.56,-3.609,0.58,-3.924,-2.839,-2.677,1.036,-1.806,2.057,-3.847,-2.036,-3.574,-2.632,-0.433,1.986,3.59,-0.791,-5.401,-3.668,1.241,0.832,0.678,-1.189
10.885,0.351,7.373,7.373,4.213,10.182,1.053,5.618,10.533,7.725,3.16,3.511,5.267,3.862,2.809,4.916,5.618,9.129,1.756,2.107,1.619,0.415,-1.495,-1.173,3.366,4.824,-4.449,-4.755,0.881,2.673,-5.209,-3.915,-0.203,-1.044,4.924,6.438,-5.59,0.009,0.937,1.748,2.848,5.605,-3.915,-0.083,-7.879,-3.501,-1.963,1.444
12.384,0,8.979,4.334,1.858,6.811,0.929,4.644,9.598,7.121,2.167,6.502,3.096,4.644,1.858,4.334,4.025,8.359,1.548,2.477,-0.337,1.609,-0.56,0.304,0.121,-0.068,0.138,1.703,-3.226,-1.558,-4.392,-4.729,-0.959,1.641,-2.513,-2.972,0.223,2.677,1.516,1.688,3.489,6.258,1.36,3.803,0.084,0.934,-1.865,-0.038
14.779,0.672,8.733,5.71,3.359,11.42,1.344,6.718,9.74,7.725,1.679,4.702,5.038,6.718,2.351,4.702,6.046,8.733,1.008,4.366,-2.733,-0.757,-2.508,-0.23,2.714,4.335,-3.771,-2.701,-1.303,3.507,-9.036,-5.317,3.289,0.131,1.493,-2.081,-1.543,-2.338,-3.163,-3.407,-1.259,1.815,1.804,2.578,-2.06,2.425,1.02,3.552
11.459,2.292,8.021,8.021,2.292,8.021,3.438,5.73,5.73,18.335,3.438,3.438,5.73,3.438,8.021,4.584,4.584,16.043,1.146,1.146,2.986,-0.36,6.954,4.747,-5.555,-8.172,-5.227,3.633,-0.103,3.393,-5.669,-7.041,12.294,2.707,-5.386,-4.418,4.856,3.562,-8.785,-6.296,-7.26,-7.712,0.721,5.376,-9.188,-6.254,7.819,3.471
11.032,0,8.963,6.55,4.137,7.24,2.068,6.205,9.653,7.24,0,6.205,4.137,3.447,3.792,5.861,5.516,8.274,2.413,4.137,1.655,2.29,-7.465,-7.808,0.227,2.795,1.833,9.257,0.038,-1.586,-4.025,-3.113,-0.621,2.551,3.543,2.657,-2.271,-1.217,-2.561,-2.226,-3.269,2.667,-2.979,1.321,3.349,4.658,-4.322,-2.25
8.894,0.445,8.672,6.448,3.558,4.892,2.446,5.114,9.561,9.784,0.667,8.005,6.893,4.002,3.78,6.226,6.671,9.784,2.891,6.226,-2.665,-2.733,-4.619,-4.426,-2.802,0.266,0.056,1.854,0.101,3.47,0.038,2.645,-3.292,-4.345,-0.568,1.061,-1.055,-1.318,-1.818,-1.068,1.121,2.827,1.168,4.16,-1.011,-0.902,-0.267,-0.838
10.644,0,5.806,6.531,3.628,7.015,0.726,5.564,8.95,7.257,1.451,5.08,5.08,2.177,1.451,2.903,4.838,4.838,1.935,3.628,-1.098,2.053,-1.012,0.031,-0.377,-0.126,1.61,3.732,-0.528,1.122,-5.796,-4.095,-1.643,2.163,-0.552,1.009,1.165,2.162,0.572,3.672,-2.346,-1.775,1.903,1.866,-0.358,2.089,1.307,3.748
10.358,0.863,7.769,7.337,5.179,9.064,0.432,6.474,9.927,7.769,1.295,3.453,3.884,5.179,3.884,4.748,5.611,5.611,0.432,3.453,-2.173,-0.468,-0.823,-1.443,-7.512,-4.726,-4.666,1.695,2.452,8.947,-6.449,-4.518,2.597,0.359,-6.352,-0.832,-2.66,1.656,-0.418,5.357,-0.092,0.176,1.066,5.041,-2.078,7.392,2.095,3.656
12.496,0,7.498,5.356,4.284,12.139,0.357,6.07,11.068,8.569,0,6.07,5.356,4.999,1.428,6.784,7.141,7.855,2.856,4.284,-0.365,-2.307,-3.165,-2.692,2.723,2.538,1.041,6.032,-0.462,-0.595,0.54,-0.425,0.326,-1.121,3.18,2.104,-6.185,-7.359,-1.602,-2.196,2.081,-2.148,-3.751,0.401,-0.291,1.609,-1.942,-0.578
8.954,3.466,6.355,5.488,3.466,6.932,2.022,4.333,7.799,7.221,0.867,3.466,3.755,3.755,3.466,7.221,5.199,6.066,1.444,3.466,-1.107,-1.048,-2.913,1.506,1.476,2.307,-2.87,-2.164,0.669,1.759,-0.855,2.024,-1.367,-2.364,-0.341,1.861,1.571,-1.039,1.97,0.808,-1.344,-0.375,0.092,0.372,3.803,2.894,-0.383,0.315
10.1,0,8.417,8.417,3.367,6.734,0,1.683,10.1,5.05,1.683,5.05,0,1.683,0,0,18.517,6.734,1.683,5.05,-5.628,-5.358,-9.749,-6.944,-1.064,-5.905,2.455,9.979,3.635,4.298,2.768,9.135,-9.255,-11.335,-9.089,-3.51,15.767,24.036,-3.412,1.757,-4.598,-1.525,-3.923,-0.88,0.484,1.309,4.892,7.391
5.744,0,3.191,7.659,2.553,3.191,0,1.915,5.106,1.915,0,3.191,1.276,0.638,0,1.915,7.02,1.915,0,2.553,-2.226,3.008,4.242,4.482,-2.685,1.774,2.74,8.46,0.05,2.023,-1.572,0.313,1.836,3.661,-2.699,3.591,1.044,0.411,-1.921,2.119,3.968,7.006,-0.938,3.278,0.389,1.458,1.862,4.545
1.771,0,4.427,5.312,1.771,5.312,0.885,6.197,6.197,7.968,0.885,1.771,2.656,5.312,3.541,2.656,6.197,3.541,0,0.885,-6.062,0.745,2.106,1.693,-6.218,0.341,-4.329,-1.605,-3.247,4.338,3.842,5.218,-4.532,-1.764,1.455,0.856,8.156,5.048,4.521,9.133,-1.525,2.013,0.847,4.06,-1.082,3.109,2.474,3.124
5.85,3.656,4.388,5.119,1.463,4.388,0.731,2.194,2.194,5.85,1.463,3.656,2.194,0.731,6.582,8.044,5.85,5.85,0,0,-2.891,1.731,0.783,3.908,-1.322,0.964,-2.739,1.737,-4.225,-2.402,-6.103,-4.091,1.296,2.735,-2.069,0.139,1.567,5.545,0.335,2.126,10.051,8.842,7.073,6.894,-4.1,0.01,1.004,2.999
3.781,4.726,7.562,9.452,2.836,6.617,1.89,7.562,4.726,6.617,0.945,2.836,2.836,5.671,1.89,7.562,6.617,5.671,0,2.836,-1.673,2.541,1.634,3.63,-3.56,-5.727,-2.044,6.35,-6.494,0.411,1.152,0.91,-2.81,0.676,-3.574,-1.678,1.028,3.059,1.653,6.005,5.436,7.231,-0.315,3.457,-0.34,1.747,-6.374,-4.965
10.024,6.683,10.024,6.683,1.114,8.91,2.228,6.683,3.341,6.683,3.341,4.455,4.455,4.455,5.569,7.797,5.569,15.593,1.114,3.341,6.223,1.234,-3.383,-5.401,-6.21,-1.92,5.935,3.285,-2.15,-1.126,-3.67,-5.927,-4.763,4.727,0.077,-0.625,-6,-5.327,-2.013,3.663,1.761,-1.275,2.548,3.914,3.778,-1.333,-1.89,-2.193
1.038,0,4.152,3.114,4.152,5.19,2.076,6.228,6.228,4.152,1.038,4.152,3.114,2.076,2.076,10.38,8.304,3.114,0,3.114,-0.383,2.178,9.644,4.884,5.225,5.057,-0.243,-0.452,9.386,9.062,-1.936,-2.144,5.157,5.159,-6.731,-3.274,2.299,4.929,4.891,7.223,-5.746,-5.22,-1.65,-0.462,-6.4,-5.977,-4.5,-3.677
14.701,13.067,8.167,4.9,0,8.167,0,8.167,0,0,0,1.633,6.534,3.267,1.633,4.9,1.633,9.8,0,3.267,-1.882,-5.535,-1.847,2.228,-4.738,-10.756,11.147,4.366,-0.957,-3.16,3.057,6.563,0.274,-1.081,3.809,-1.894,-0.803,0.631,4.787,0.272,6.099,4.214,1.142,2.405,-4.743,-8.132,4.426,0.271
8.932,5.583,6.699,13.399,2.233,2.233,1.117,4.466,3.35,0,2.233,0,3.35,3.35,1.117,2.233,1.117,6.699,1.117,2.233,-0.288,4.875,-4.336,-2.255,-2.545,-2.296,-3.068,3.709,5.695,2.03,0.877,2.445,1.792,4.979,4.783,8.433,-1.794,1.235,-8.343,-2.287,1.405,0.313,0.617,6.024,-1.976,1.413,2.095,5.011
7.411,0,8.893,13.339,4.446,8.893,2.964,13.339,10.375,17.786,2.964,8.893,7.411,4.446,7.411,7.411,10.375,8.893,0,2.964,-6.794,-0.58,0.364,4.042,-3.18,5.515,-16.884,-9.34,-0.016,-1.076,2.71,9.173,-9.43,-11.967,5.736,-0.54,-0.246,-2.982,-2.851,3.011,-7.014,-1.804,-1.791,5.656,0.94,10.186,-6.683,-12.372
2.646,0,6.174,10.584,4.41,1.764,4.41,4.41,3.528,5.292,0,4.41,1.764,3.528,2.646,4.41,2.646,7.056,0.882,0.882,-10.704,-7.08,0.309,-0.182,-1.364,5.243,-6.523,-2.865,0.541,0.684,10.914,14.978,-13.451,-6.411,6.397,8.553,-3.124,0.317,-2.676,-0.4,7.106,11.16,-1.468,2.713,-5.069,-2.896,9.061,14.799
10.834,0,4.334,8.667,5.778,7.223,2.889,10.112,7.945,7.223,2.167,3.611,4.334,4.334,5.056,5.778,4.334,6.5,0,2.889,-1.555,3.206,-9.66,-4.834,-5.289,-4.605,-1.053,-4.425,-1.137,0.216,-1.708,-3.425,-1.489,2.752,10.066,9.968,-0,5.584,-0.605,-1.124,3.409,-1.84,-3.935,1.267,1.925,1.575,-1.2,3.912
6.754,0,5.629,7.88,2.251,10.131,1.126,7.88,6.754,9.006,1.126,6.754,5.629,4.503,9.006,6.754,6.754,6.754,0,4.503,-0.937,8.923,-9.459,-8.505,-5.727,4.136,7.483,11.906,0.704,2.252,-2.546,-5.749,-4.098,-3.128,8.044,1.256,-6.614,-3.632,-4.909,-7.876,-2.677,-2.135,7.61,6.223,-4.171,4.58,0.676,-0.824
13.879,0,9.914,7.931,11.896,5.948,1.983,19.827,17.844,13.879,7.931,9.914,7.931,9.914,9.914,15.862,7.931,7.931,0,7.931,-4.649,9.093,-0.67,2.369,11.071,11.84,-5.787,4.593,-7.858,-1.624,-16.665,-18.094,-4.655,-10.42,-6.771,-3.991,6,5.057,-3.851,-2.411,-10.841,-11.152,-1.141,-9.907,15.062,2.723,-23.44,-12.238
8.565,4.282,4.282,2.855,9.992,8.565,4.282,5.71,5.71,7.137,1.427,7.137,5.71,8.565,8.565,8.565,9.992,5.71,1.427,2.855,1.194,-6.304,21.507,10.372,10.4,6.89,8.464,4.102,14.142,3.5,-0.313,-4.206,-8.946,-5.337,0.485,-2.601,-13.836,-14.882,-4.436,-2.825,-7.349,-7.753,-5.475,-1.627,2.871,-1.124,-7.551,-10.698
12.285,1.024,7.166,9.214,6.142,8.19,0,5.119,5.119,10.237,1.024,2.047,8.19,3.071,8.19,5.119,11.261,11.261,1.024,9.214,-9.86,-1.693,-1.217,-1.687,16.75,6.101,-11.069,-10.153,7.536,6.95,-1.152,0.125,-0.652,0.681,9.484,-1.19,-8.176,-7.711,3.086,1.168,4.519,-1.721,-11.4,-9.991,4.435,1.11,-5.164,-4.005
21.909,1.217,8.52,10.954,6.086,12.171,3.651,6.086,7.303,12.171,6.086,4.869,3.651,1.217,6.086,4.869,8.52,10.954,0,10.954,2.157,2.964,-9.087,-1.192,6.927,2.166,-7.097,-7.977,-4.023,-1.883,-2.798,-3.202,0.031,-5.868,-2.051,0.196,-8.95,-1.612,10.155,-3.67,0.568,1.774,-19.881,-15.872,10.234,-2.918,9.715,3.917
2.96,0.987,2.96,6.907,3.947,7.894,0,2.96,8.881,2.96,1.973,4.934,2.96,2.96,6.907,12.828,5.92,11.841,1.973,3.947,-11.14,-1.7,-2.915,-0.394,1.387,2.99,-0.25,0.959,2.926,6.378,-5.733,-5.03,0.034,-0.298,-2.317,-3.564,-1.177,-0.829,-4.833,-8.405,5.206,8.785,2.374,5.58,0.89,5.835,2.495,6.047
5.851,0,3.657,8.044,1.463,2.194,0,3.657,2.925,8.776,2.194,5.119,3.657,4.388,8.776,1.463,0,7.313,0.731,3.657,-0.76,4.002,-7.282,-1.039,-2.567,4.461,0.075,1.122,2.464,1.53,-4.248,-3.184,-0.757,-0.966,4.932,6.897,6.23,3.037,2.65,2.183,-0.367,-2.227,-2.295,4.648,3.897,7.295,-2.459,-1.137
12.023,0,9.619,19.237,12.023,19.237,2.405,14.428,7.214,14.428,12.023,4.809,14.428,14.428,16.833,4.809,9.619,21.642,0,7.214,-7.59,-1.941,9.248,-12.893,-5.559,-10.281,13.811,27.33,-18.118,-14.735,-23.541,-1.725,-5.692,-0.309,-3.435,10.871,-3.559,-16.738,-7.779,0.138,-5.754,-9.336,-2.366,6.672,-28.477,-22.069,10.466,6.941
26.74,40.11,20.055,0,6.685,13.37,13.37,6.685,13.37,0,0,13.37,20.055,6.685,6.685,13.37,13.37,6.685,13.37,6.685,4.165,16.324,-7.221,-15.168,10.452,14.804,3.531,8.095,0.308,-4.589,-25.172,-1.168,8.63,-0.679,-5.728,-1.697,-34.636,-22.795,-15.235,-16.304,-14.406,-1.043,-5.429,-11.185,-12.523,-11.311,-1.949,1.27
4.862,19.447,4.862,9.724,2.431,14.585,0,7.293,4.862,4.862,4.862,4.862,4.862,0,9.724,4.862,9.724,0,2.431,2.431,-4.192,-1.502,-0.886,-8.14,3.562,-1.624,-4.351,-0.093,11.016,14.187,-6.509,-4.847,-2.066,-3.955,-7.394,1.495,-12.531,-4.706,12.567,11.476,-0.157,5.065,-0.689,-10.788,2.421,0.699,-2.232,-2.51
3.327,8.871,2.218,6.653,1.109,9.98,0,0,8.871,5.544,0,3.327,4.435,1.109,0,4.435,3.327,1.109,1.109,6.653,2.322,1.897,-0.751,5.605,-1.221,2.798,-0.681,-0.36,2.961,5.938,1.944,0.763,-1.243,0.804,2.311,4.122,0.129,-1.341,0.219,4.074,-1.077,3.33,-0.518,-5.902,-3.525,4.423,1.36,-0.455
6.541,17.443,8.722,6.541,2.18,15.263,4.361,2.18,10.902,4.361,0,8.722,6.541,2.18,6.541,4.361,6.541,8.722,2.18,15.263,-12.852,3.735,0.929,-0.626,-7.22,-8.23,2.047,-2.172,0.863,2.509,17.669,14.154,-2.186,1.607,-5.582,-1.858,10.632,9.024,5.075,-5.675,-17.387,-16.937,6.042,-8.097,-11.967,-11.272,5.797,-7.573
0,8.768,0,2.923,1.461,1.461,1.461,0,5.845,1.461,1.461,4.384,0,1.461,4.384,7.307,5.845,2.923,1.461,1.461,-1.693,0.812,2.422,-1.87,5.325,0.429,0.986,-3.419,-3.853,-3.274,6.861,3.445,10.207,8.824,3.91,2.466,4.635,-1.506,-0.009,-1.753,-1.059,-3.819,6.265,3.819,7.68,1.698,-1.857,0.258
4.04,24.239,4.04,4.04,4.04,12.119,4.04,4.04,12.119,20.199,4.04,4.04,0,4.04,8.08,8.08,0,4.04,0,0,-8.864,-6.023,-10.439,-6.974,-4.712,6.996,-15.218,-9.622,6.083,9.323,-5.591,-2.015,34.379,21.824,-17.681,-9.643,-23.911,-17.762,-4.522,4.101,0.788,5.774,-0.716,-4.465,-11.812,-3.383,24.823,24.029
1.612,12.897,4.836,0,1.612,8.061,1.612,0,4.836,1.612,4.836,0,3.224,3.224,4.836,0,3.224,0,0,1.612,-1.157,3.831,1.508,1.729,-1.373,0.614,4.949,3.763,-0.274,4.003,-2.196,2.478,0.64,-1.511,-1.607,3.165,5.538,8.755,0.147,3.689,7.194,-3.505,-5.058,-4.045,4.868,4.338,0.685,0.795
1.84,11.041,1.84,1.84,1.84,7.361,1.84,1.84,9.201,1.84,3.68,3.68,5.521,1.84,3.68,3.68,1.84,3.68,0,0,-6.782,-4.703,-2.695,-2.792,1.66,0.404,8.022,8.748,-4.069,-0.971,-4.146,-3.381,5.716,4.174,10.297,7.459,-10.611,-4.344,-4.967,1.375,11.637,7.328,2.16,4.33,3.425,8.295,-0.395,-3.263
11.929,17.893,2.982,0,0,20.876,5.964,2.982,2.982,11.929,0,11.929,0,0,8.947,5.964,5.964,5.964,0,2.982,-1.959,-0.375,-8.644,-5.253,5.814,-2.474,-14.84,-11.103,-3.214,-1.17,4.405,3.738,8.131,3.215,2.281,6.109,-11.775,-1.189,10.623,1.114,-8.359,-3.837,-15.804,-10.254,17.868,4.933,11.527,1.202
1.896,7.583,0,0,0,11.375,1.896,1.896,0,3.792,0,1.896,3.792,7.583,0,7.583,7.583,3.792,0,7.583,0.932,1.067,-0.69,-1.392,2.318,0.843,0.265,2.919,3.873,2.379,-1.182,0.624,0.633,1.779,2.688,3.053,2.725,0.945,1.098,-0.355,-1.768,-0.432,2.006,2.019,0.306,2.105,-0.106,3.098
8.575,14.291,5.716,5.716,0,5.716,2.858,11.433,5.716,17.149,0,8.575,0,5.716,5.716,11.433,2.858,0,0,0,-3.941,-1.141,8.757,6.338,-9.194,-9.924,-7.544,-8.424,-5.094,-7.046,2.492,-3.895,17.935,14.529,-14.197,-13.385,7.109,6.097,-8.368,-7.07,-8.928,9.907,4.575,3.444,2.566,3.434,6.53,2.968
7.371,36.854,7.371,29.484,14.742,36.854,7.371,14.742,14.742,22.113,0,29.484,7.371,0,7.371,29.484,29.484,14.742,0,22.113,20.592,22.28,-4.974,12.556,-19.04,3.974,-14.332,5.811,20.909,4.837,-39.542,-17.587,-7.978,-24.654,19.936,26.989,6.222,-7.078,5.411,-17.852,-37.681,-44.448,-10.458,-5.925,-15.298,-24.884,-39.93,-49.546
1.8,8.398,5.998,2.399,1.2,0.6,1.8,1.8,3.599,0.6,0.6,1.8,3.599,0.6,1.8,7.798,2.999,0,0.6,1.2,-2.303,-0.177,2.124,1.907,2.765,5.523,0.466,4.515,6.911,6.237,-1.209,-0.861,5.124,6.962,-0.93,1.691,-0.196,-0.726,1.664,1.903,2.718,5.409,0.836,0.534,-0.506,-0.051,0.03,0.453
